id	identifier	name	card_group	card_type
1	Cards.Faction1.General	General	Faction1	Unit
8	Cards.Faction1.LysianBrawler	LysianBrawler	Faction1	Unit
9	Cards.Faction1.WindbladeAdept	WindbladeAdept	Faction1	Unit
10	Cards.Faction1.SunstoneTemplar	SunstoneTemplar	Faction1	Unit
11	Cards.Faction1.SilverguardKnight	SilverguardKnight	Faction1	Unit
12	Cards.Faction1.ArclyteSentinel	ArclyteSentinel	Faction1	Unit
13	Cards.Faction1.WindbladeCommander	WindbladeCommander	Faction1	Unit
14	Cards.Faction1.SilverguardSquire	SilverguardSquire	Faction1	Unit
15	Cards.Faction1.Lightchaser	Lightchaser	Faction1	Unit
16	Cards.Faction1.SuntideMaiden	SuntideMaiden	Faction1	Unit
17	Cards.Faction1.IroncliffeGuardian	IroncliffeGuardian	Faction1	Unit
18	Cards.Faction1.ElyxStormblade	ElyxStormblade	Faction1	Unit
20	Cards.Faction1.GrandmasterZir	GrandmasterZir	Faction1	Unit
21	Cards.Faction1.AzuriteLion	AzuriteLion	Faction1	Unit
22	Cards.Faction1.Sunriser	Sunriser	Faction1	Unit
23	Cards.Faction1.AltGeneral	AltGeneral	Faction1	Unit
24	Cards.Faction1.SunSister	SunSister	Faction1	Unit
25	Cards.Faction1.Fiz	Fiz	Faction1	Unit
26	Cards.Faction1.Slo	Slo	Faction1	Unit
27	Cards.Faction1.SunWisp	SunWisp	Faction1	Unit
28	Cards.Faction1.RadiantDragoon	RadiantDragoon	Faction1	Unit
29	Cards.Faction1.SunforgeLancer	SunforgeLancer	Faction1	Unit
30	Cards.Faction1.Solarius	Solarius	Faction1	Unit
31	Cards.Faction1.Sunbreaker	Sunbreaker	Faction1	Unit
32	Cards.Faction1.Scintilla	Scintilla	Faction1	Unit
33	Cards.Faction1.Excelsious	Excelsious	Faction1	Unit
34	Cards.Faction1.Warblade	Warblade	Faction1	Unit
35	Cards.Faction1.SolPontiff	SolPontiff	Faction1	Unit
36	Cards.Faction1.Peacekeeper	Peacekeeper	Faction1	Unit
37	Cards.Faction1.PurebladeEnforcer	PurebladeEnforcer	Faction1	Unit
38	Cards.Faction1.SunriseCleric	SunriseCleric	Faction1	Unit
39	Cards.Faction1.Solpiercer	Solpiercer	Faction1	Unit
40	Cards.Faction1.Auroara	Auroara	Faction1	Unit
41	Cards.Faction1.WarJudicator	WarJudicator	Faction1	Unit
42	Cards.Faction1.AlabasterTitan	AlabasterTitan	Faction1	Unit
43	Cards.Faction1.KingsGuard	KingsGuard	Faction1	Unit
44	Cards.Faction1.Oakenheart	Oakenheart	Faction1	Unit
45	Cards.Faction1.Prominence	Prominence	Faction1	Unit
46	Cards.Faction1.VigilatorBuilding	VigilatorBuilding	Faction1	Unit
47	Cards.Faction1.Vigilator	Vigilator	Faction1	Unit
48	Cards.Faction1.Warsmith	Warsmith	Faction1	Unit
49	Cards.Faction1.IroncliffeMonument	IroncliffeMonument	Faction1	Unit
50	Cards.Faction1.DecoratedEnlistee	DecoratedEnlistee	Faction1	Unit
51	Cards.Faction1.ThirdGeneral	ThirdGeneral	Faction1	Unit
52	Cards.Faction1.MonumentBuilding	MonumentBuilding	Faction1	Unit
53	Cards.Faction1.OneManArmy	OneManArmy	Faction1	Unit
54	Cards.Faction1.CatapultGryphon	CatapultGryphon	Faction1	Unit
55	Cards.Faction1.Friendsguard	Friendsguard	Faction1	Unit
56	Cards.Faction1.FriendFighter	FriendFighter	Faction1	Unit
57	Cards.Faction1.RightfulHeir	RightfulHeir	Faction1	Unit
58	Cards.Faction1.Invincibuddy	Invincibuddy	Faction1	Unit
59	Cards.Faction1.SuntideExpert	SuntideExpert	Faction1	Unit
101	Cards.Faction2.General	General	Faction2	Unit
108	Cards.Faction2.Heartseeker	Heartseeker	Faction2	Unit
109	Cards.Faction2.Widowmaker	Widowmaker	Faction2	Unit
110	Cards.Faction2.KaidoAssassin	KaidoAssassin	Faction2	Unit
111	Cards.Faction2.ScarletViper	ScarletViper	Faction2	Unit
112	Cards.Faction2.GoreHorn	GoreHorn	Faction2	Unit
113	Cards.Faction2.OnyxBear	OnyxBear	Faction2	Unit
114	Cards.Faction2.JadeOgre	JadeOgre	Faction2	Unit
115	Cards.Faction2.ChakriAvatar	ChakriAvatar	Faction2	Unit
116	Cards.Faction2.MageOfFourWinds	MageOfFourWinds	Faction2	Unit
117	Cards.Faction2.CelestialPhantom	CelestialPhantom	Faction2	Unit
118	Cards.Faction2.StormKage	StormKage	Faction2	Unit
119	Cards.Faction2.HamonBlademaster	HamonBlademaster	Faction2	Unit
120	Cards.Faction2.KeshraiFanblade	KeshraiFanblade	Faction2	Unit
121	Cards.Faction2.TuskBoar	TuskBoar	Faction2	Unit
122	Cards.Faction2.LanternFox	LanternFox	Faction2	Unit
123	Cards.Faction2.AltGeneral	AltGeneral	Faction2	Unit
124	Cards.Faction2.LightningSister	LightningSister	Faction2	Unit
125	Cards.Faction2.Xho	Xho	Faction2	Unit
126	Cards.Faction2.Ace	Ace	Faction2	Unit
127	Cards.Faction2.OnyxJaguar	OnyxJaguar	Faction2	Unit
128	Cards.Faction2.KiBeholder	KiBeholder	Faction2	Unit
129	Cards.Faction2.Katara	Katara	Faction2	Unit
130	Cards.Faction2.BattlePanddo	BattlePanddo	Faction2	Unit
131	Cards.Faction2.GrandmasterZendo	GrandmasterZendo	Faction2	Unit
132	Cards.Faction2.TwilightFox	TwilightFox	Faction2	Unit
133	Cards.Faction2.Geomancer	Geomancer	Faction2	Unit
134	Cards.Faction2.Whiplash	Whiplash	Faction2	Unit
135	Cards.Faction2.Sparrowhawk	Sparrowhawk	Faction2	Unit
136	Cards.Faction2.Kindling	Kindling	Faction2	Unit
137	Cards.Faction2.Calligrapher	Calligrapher	Faction2	Unit
138	Cards.Faction2.Flamewreath	Flamewreath	Faction2	Unit
139	Cards.Faction2.EternityPainter	EternityPainter	Faction2	Unit
140	Cards.Faction2.ScrollBandit	ScrollBandit	Faction2	Unit
141	Cards.Faction2.SonghaiSentinel	SonghaiSentinel	Faction2	Unit
142	Cards.Faction2.HundredHand	HundredHand	Faction2	Unit
143	Cards.Faction2.Mizuchi	Mizuchi	Faction2	Unit
144	Cards.Faction2.MindCageOni	MindCageOni	Faction2	Unit
145	Cards.Faction2.Suzumebachi	Suzumebachi	Faction2	Unit
146	Cards.Faction2.SecondSwordSarugi	SecondSwordSarugi	Faction2	Unit
147	Cards.Faction2.ManakiteBuilding	ManakiteBuilding	Faction2	Unit
148	Cards.Faction2.ManakiteDrifter	ManakiteDrifter	Faction2	Unit
149	Cards.Faction2.Penumbraxx	Penumbraxx	Faction2	Unit
150	Cards.Faction2.WildfireTenketsu	WildfireTenketsu	Faction2	Unit
151	Cards.Faction2.DuskRigger	DuskRigger	Faction2	Unit
152	Cards.Faction2.ThirdGeneral	ThirdGeneral	Faction2	Unit
153	Cards.Faction2.PenumbraxxBuilding	PenumbraxxBuilding	Faction2	Unit
154	Cards.Faction2.DarkHeart	DarkHeart	Faction2	Unit
155	Cards.Faction2.MoveMan	MoveMan	Faction2	Unit
156	Cards.Faction2.ShadowSummoner	ShadowSummoner	Faction2	Unit
157	Cards.Faction2.Backbreaker	Backbreaker	Faction2	Unit
158	Cards.Faction2.CraneWalker	CraneWalker	Faction2	Unit
159	Cards.Faction2.Flareslinger	Flareslinger	Faction2	Unit
160	Cards.Faction2.PandaPuncher	PandaPuncher	Faction2	Unit
201	Cards.Faction3.General	General	Faction3	Unit
208	Cards.Faction3.WindShrike	WindShrike	Faction3	Unit
209	Cards.Faction3.StarfireScarab	StarfireScarab	Faction3	Unit
210	Cards.Faction3.SandHowler	SandHowler	Faction3	Unit
211	Cards.Faction3.Dunecaster	Dunecaster	Faction3	Unit
212	Cards.Faction3.OrbWeaver	OrbWeaver	Faction3	Unit
213	Cards.Faction3.Pyromancer	Pyromancer	Faction3	Unit
214	Cards.Faction3.BrazierRedSand	BrazierRedSand	Faction3	Unit
215	Cards.Faction3.BrazierGoldenFlame	BrazierGoldenFlame	Faction3	Unit
216	Cards.Faction3.BrazierDuskWind	BrazierDuskWind	Faction3	Unit
217	Cards.Faction3.Dervish	Dervish	Faction3	Unit
218	Cards.Faction3.NightfallMechanyst	NightfallMechanyst	Faction3	Unit
219	Cards.Faction3.MirrorMaster	MirrorMaster	Faction3	Unit
220	Cards.Faction3.AymaraHealer	AymaraHealer	Faction3	Unit
221	Cards.Faction3.PortalGuardian	PortalGuardian	Faction3	Unit
222	Cards.Faction3.Oserix	Oserix	Faction3	Unit
223	Cards.Faction3.AltGeneral	AltGeneral	Faction3	Unit
224	Cards.Faction3.SandSister	SandSister	Faction3	Unit
225	Cards.Faction3.IronDervish	IronDervish	Faction3	Unit
226	Cards.Faction3.Falcius	Falcius	Faction3	Unit
227	Cards.Faction3.Rae	Rae	Faction3	Unit
228	Cards.Faction3.Pax	Pax	Faction3	Unit
229	Cards.Faction3.WindSlicer	WindSlicer	Faction3	Unit
230	Cards.Faction3.SoulburnObelysk	SoulburnObelysk	Faction3	Unit
231	Cards.Faction3.Allomancer	Allomancer	Faction3	Unit
232	Cards.Faction3.Nimbus	Nimbus	Faction3	Unit
233	Cards.Faction3.Pantheran	Pantheran	Faction3	Unit
234	Cards.Faction3.PlagueTotem	PlagueTotem	Faction3	Unit
235	Cards.Faction3.Zephyr	Zephyr	Faction3	Unit
236	Cards.Faction3.Incinera	Incinera	Faction3	Unit
237	Cards.Faction3.GrandmasterNoshRak	GrandmasterNoshRak	Faction3	Unit
238	Cards.Faction3.Dreamcarver	Dreamcarver	Faction3	Unit
239	Cards.Faction3.Windlark	Windlark	Faction3	Unit
240	Cards.Faction3.Sirocco	Sirocco	Faction3	Unit
241	Cards.Faction3.Duskweaver	Duskweaver	Faction3	Unit
242	Cards.Faction3.TrygonObelysk	TrygonObelysk	Faction3	Unit
243	Cards.Faction3.LavastormObelysk	LavastormObelysk	Faction3	Unit
244	Cards.Faction3.WastelandWraith	WastelandWraith	Faction3	Unit
245	Cards.Faction3.FateWatcher	FateWatcher	Faction3	Unit
246	Cards.Faction3.SandswirlReader	SandswirlReader	Faction3	Unit
247	Cards.Faction3.Gust	Gust	Faction3	Unit
248	Cards.Faction3.ShrikeBuilding	ShrikeBuilding	Faction3	Unit
249	Cards.Faction3.BarrenShrike	BarrenShrike	Faction3	Unit
250	Cards.Faction3.SilicaWeaver	SilicaWeaver	Faction3	Unit
251	Cards.Faction3.Skyppy	Skyppy	Faction3	Unit
252	Cards.Faction3.SniperZen	SniperZen	Faction3	Unit
253	Cards.Faction3.SimulacraObelysk	SimulacraObelysk	Faction3	Unit
254	Cards.Faction3.ThirdGeneral	ThirdGeneral	Faction3	Unit
255	Cards.Faction3.SimulacraBuilding	SimulacraBuilding	Faction3	Unit
256	Cards.Faction3.WindGiver	WindGiver	Faction3	Unit
257	Cards.Faction3.CoughingGus	CoughingGus	Faction3	Unit
258	Cards.Faction3.CursedDervish	CursedDervish	Faction3	Unit
259	Cards.Faction3.KeeperOfAges	KeeperOfAges	Faction3	Unit
260	Cards.Faction3.GoldenGuide	GoldenGuide	Faction3	Unit
261	Cards.Faction3.ScarabPulverizer	ScarabPulverizer	Faction3	Unit
262	Cards.Faction3.Scarab	Scarab	Faction3	Unit
263	Cards.Faction3.StaffWielder	StaffWielder	Faction3	Unit
301	Cards.Faction4.General	General	Faction4	Unit
308	Cards.Faction4.AbyssalCrawler	AbyssalCrawler	Faction4	Unit
309	Cards.Faction4.AbyssalJuggernaut	AbyssalJuggernaut	Faction4	Unit
310	Cards.Faction4.BloodmoonPriestess	BloodmoonPriestess	Faction4	Unit
311	Cards.Faction4.ShadowWatcher	ShadowWatcher	Faction4	Unit
312	Cards.Faction4.DeepfireDevourer	DeepfireDevourer	Faction4	Unit
313	Cards.Faction4.DarkSiren	DarkSiren	Faction4	Unit
314	Cards.Faction4.VorpalReaver	VorpalReaver	Faction4	Unit
315	Cards.Faction4.Wraithling	Wraithling	Faction4	Unit
316	Cards.Faction4.DarkspineElemental	DarkspineElemental	Faction4	Unit
317	Cards.Faction4.GloomChaser	GloomChaser	Faction4	Unit
318	Cards.Faction4.SharianShadowdancer	SharianShadowdancer	Faction4	Unit
319	Cards.Faction4.NightsorrowAssassin	NightsorrowAssassin	Faction4	Unit
320	Cards.Faction4.SpectralRevenant	SpectralRevenant	Faction4	Unit
321	Cards.Faction4.BlackSolus	BlackSolus	Faction4	Unit
322	Cards.Faction4.ReaperNineMoons	ReaperNineMoons	Faction4	Unit
323	Cards.Faction4.AltGeneral	AltGeneral	Faction4	Unit
324	Cards.Faction4.ShadowSister	ShadowSister	Faction4	Unit
325	Cards.Faction4.NightFiend	NightFiend	Faction4	Unit
326	Cards.Faction4.Gor	Gor	Faction4	Unit
327	Cards.Faction4.Ooz	Ooz	Faction4	Unit
328	Cards.Faction4.BloodBaronette	BloodBaronette	Faction4	Unit
329	Cards.Faction4.ArcaneDevourer	ArcaneDevourer	Faction4	Unit
330	Cards.Faction4.Klaxon	Klaxon	Faction4	Unit
331	Cards.Faction4.Furosa	Furosa	Faction4	Unit
332	Cards.Faction4.Fiend	Fiend	Faction4	Unit
333	Cards.Faction4.GrandmasterVariax	GrandmasterVariax	Faction4	Unit
334	Cards.Faction4.HorrorBurster	HorrorBurster	Faction4	Unit
335	Cards.Faction4.Horror	Horror	Faction4	Unit
336	Cards.Faction4.Nightshroud	Nightshroud	Faction4	Unit
337	Cards.Faction4.Nocturne	Nocturne	Faction4	Unit
338	Cards.Faction4.DeathKnell	DeathKnell	Faction4	Unit
339	Cards.Faction4.Phantasm	Phantasm	Faction4	Unit
340	Cards.Faction4.Nekomata	Nekomata	Faction4	Unit
341	Cards.Faction4.Desolator	Desolator	Faction4	Unit
342	Cards.Faction4.AbyssSentinel	AbyssSentinel	Faction4	Unit
343	Cards.Faction4.SkullProphet	SkullProphet	Faction4	Unit
344	Cards.Faction4.BoundTormentor	BoundTormentor	Faction4	Unit
345	Cards.Faction4.Xerroloth	Xerroloth	Faction4	Unit
346	Cards.Faction4.Husk	Husk	Faction4	Unit
347	Cards.Faction4.StygianObserver	StygianObserver	Faction4	Unit
348	Cards.Faction4.Cacophynos	Cacophynos	Faction4	Unit
349	Cards.Faction4.VoidTalonBuilding	VoidTalonBuilding	Faction4	Unit
350	Cards.Faction4.VoidTalon	VoidTalon	Faction4	Unit
351	Cards.Faction4.NightmareOperant	NightmareOperant	Faction4	Unit
352	Cards.Faction4.Moonrider	Moonrider	Faction4	Unit
353	Cards.Faction4.GateToUndervault	GateToUndervault	Faction4	Unit
354	Cards.Faction4.Abomination	Abomination	Faction4	Unit
355	Cards.Faction4.ThirdGeneral	ThirdGeneral	Faction4	Unit
356	Cards.Faction4.GateBuilding	GateBuilding	Faction4	Unit
357	Cards.Faction4.DemonOfEternity	DemonOfEternity	Faction4	Unit
358	Cards.Faction4.CurseMonger	CurseMonger	Faction4	Unit
359	Cards.Faction4.DyingWishReducer	DyingWishReducer	Faction4	Unit
360	Cards.Faction4.CreepDemon	CreepDemon	Faction4	Unit
361	Cards.Faction4.ShadowBrute	ShadowBrute	Faction4	Unit
362	Cards.Faction4.WhistlingHarvester	WhistlingHarvester	Faction4	Unit
363	Cards.Faction4.MiniMinion	MiniMinion	Faction4	Unit
401	Cards.Faction5.General	General	Faction5	Unit
402	Cards.Faction5.EarthWalker	EarthWalker	Faction5	Unit
403	Cards.Faction5.Grimrock	Grimrock	Faction5	Unit
404	Cards.Faction5.Kolossus	Kolossus	Faction5	Unit
405	Cards.Faction5.MakantorWarbeast	MakantorWarbeast	Faction5	Unit
406	Cards.Faction5.Phalanxar	Phalanxar	Faction5	Unit
407	Cards.Faction5.Elucidator	Elucidator	Faction5	Unit
408	Cards.Faction5.UnstableLeviathan	UnstableLeviathan	Faction5	Unit
409	Cards.Faction5.Kujata	Kujata	Faction5	Unit
410	Cards.Faction5.PrimordialGazer	PrimordialGazer	Faction5	Unit
411	Cards.Faction5.Egg	Egg	Faction5	Unit
412	Cards.Faction5.YoungSilithar	YoungSilithar	Faction5	Unit
413	Cards.Faction5.VeteranSilithar	VeteranSilithar	Faction5	Unit
414	Cards.Faction5.SilitharElder	SilitharElder	Faction5	Unit
415	Cards.Faction5.SpiritHarvester	SpiritHarvester	Faction5	Unit
416	Cards.Faction5.MiniMagmar	MiniMagmar	Faction5	Unit
417	Cards.Faction5.Vindicator	Vindicator	Faction5	Unit
418	Cards.Faction5.AltGeneral	AltGeneral	Faction5	Unit
419	Cards.Faction5.EarthSister	EarthSister	Faction5	Unit
420	Cards.Faction5.Gro	Gro	Faction5	Unit
421	Cards.Faction5.Rex	Rex	Faction5	Unit
422	Cards.Faction5.WildInceptor	WildInceptor	Faction5	Unit
423	Cards.Faction5.MolokiHuntress	MolokiHuntress	Faction5	Unit
424	Cards.Faction5.Dreadnaught	Dreadnaught	Faction5	Unit
425	Cards.Faction5.Mandrake	Mandrake	Faction5	Unit
426	Cards.Faction5.Visionar	Visionar	Faction5	Unit
427	Cards.Faction5.Kin	Kin	Faction5	Unit
428	Cards.Faction5.Drogon	Drogon	Faction5	Unit
429	Cards.Faction5.Thraex	Thraex	Faction5	Unit
430	Cards.Faction5.Rancour	Rancour	Faction5	Unit
431	Cards.Faction5.SpiritOfValknu	SpiritOfValknu	Faction5	Unit
432	Cards.Faction5.Ragebinder	Ragebinder	Faction5	Unit
433	Cards.Faction5.Lavaslasher	Lavaslasher	Faction5	Unit
434	Cards.Faction5.Juggernaut	Juggernaut	Faction5	Unit
435	Cards.Faction5.Rizen	Rizen	Faction5	Unit
436	Cards.Faction5.GrandmasterKraigon	GrandmasterKraigon	Faction5	Unit
437	Cards.Faction5.Terradon	Terradon	Faction5	Unit
438	Cards.Faction5.Warpup	Warpup	Faction5	Unit
439	Cards.Faction5.Quillbeast	Quillbeast	Faction5	Unit
440	Cards.Faction5.Omniseer	Omniseer	Faction5	Unit
441	Cards.Faction5.Progenitor	Progenitor	Faction5	Unit
442	Cards.Faction5.Gibblegup	Gibblegup	Faction5	Unit
443	Cards.Faction5.HulkBuilding	HulkBuilding	Faction5	Unit
444	Cards.Faction5.BioHulk	BioHulk	Faction5	Unit
445	Cards.Faction5.Gigaloth	Gigaloth	Faction5	Unit
446	Cards.Faction5.Seismoid	Seismoid	Faction5	Unit
447	Cards.Faction5.Armada	Armada	Faction5	Unit
448	Cards.Faction5.ErraticRaptyr	ErraticRaptyr	Faction5	Unit
449	Cards.Faction5.ThirdGeneral	ThirdGeneral	Faction5	Unit
450	Cards.Faction5.GigalothBuilding	GigalothBuilding	Faction5	Unit
451	Cards.Faction5.IncreasingDino	IncreasingDino	Faction5	Unit
452	Cards.Faction5.Firebreather	Firebreather	Faction5	Unit
453	Cards.Faction5.ToughDino	ToughDino	Faction5	Unit
454	Cards.Faction5.Armadops	Armadops	Faction5	Unit
455	Cards.Faction5.BurstLizard	BurstLizard	Faction5	Unit
456	Cards.Faction5.Dinomancer	Dinomancer	Faction5	Unit
457	Cards.Faction5.Megabrontodon	Megabrontodon	Faction5	Unit
458	Cards.Faction5.BrundlBeast	BrundlBeast	Faction5	Unit
501	Cards.Faction6.General	General	Faction6	Unit
503	Cards.Faction6.FenrirWarmaster	FenrirWarmaster	Faction6	Unit
504	Cards.Faction6.GhostWolf	GhostWolf	Faction6	Unit
505	Cards.Faction6.CrystalCloaker	CrystalCloaker	Faction6	Unit
506	Cards.Faction6.CrystalWisp	CrystalWisp	Faction6	Unit
507	Cards.Faction6.ArcticRhyno	ArcticRhyno	Faction6	Unit
508	Cards.Faction6.PrismaticGiant	PrismaticGiant	Faction6	Unit
509	Cards.Faction6.IceDrake	IceDrake	Faction6	Unit
510	Cards.Faction6.WyrBeast	WyrBeast	Faction6	Unit
511	Cards.Faction6.WolfRaven	WolfRaven	Faction6	Unit
512	Cards.Faction6.BoreanBear	BoreanBear	Faction6	Unit
513	Cards.Faction6.Razorback	Razorback	Faction6	Unit
514	Cards.Faction6.AncientGrove	AncientGrove	Faction6	Unit
515	Cards.Faction6.VoiceoftheWind	VoiceoftheWind	Faction6	Unit
516	Cards.Faction6.Treant	Treant	Faction6	Unit
517	Cards.Faction6.HearthSister	HearthSister	Faction6	Unit
518	Cards.Faction6.WaterBear	WaterBear	Faction6	Unit
519	Cards.Faction6.SnowElemental	SnowElemental	Faction6	Unit
520	Cards.Faction6.WolfAspect	WolfAspect	Faction6	Unit
521	Cards.Faction6.AzureDrake	AzureDrake	Faction6	Unit
522	Cards.Faction6.SeismicElemental	SeismicElemental	Faction6	Unit
523	Cards.Faction6.GravityWell	GravityWell	Faction6	Unit
524	Cards.Faction6.BlazingSpines	BlazingSpines	Faction6	Unit
525	Cards.Faction6.BonechillBarrier	BonechillBarrier	Faction6	Unit
526	Cards.Faction6.ArcticDisplacer	ArcticDisplacer	Faction6	Unit
527	Cards.Faction6.AltGeneral	AltGeneral	Faction6	Unit
528	Cards.Faction6.WindSister	WindSister	Faction6	Unit
529	Cards.Faction6.SnowRippler	SnowRippler	Faction6	Unit
530	Cards.Faction6.Icy	Icy	Faction6	Unit
531	Cards.Faction6.Bur	Bur	Faction6	Unit
532	Cards.Faction6.Huldra	Huldra	Faction6	Unit
533	Cards.Faction6.IceDryad	IceDryad	Faction6	Unit
534	Cards.Faction6.Frostiva	Frostiva	Faction6	Unit
535	Cards.Faction6.ShadowVespyr	ShadowVespyr	Faction6	Unit
536	Cards.Faction6.Myriad	Myriad	Faction6	Unit
537	Cards.Faction6.SleetDasher	SleetDasher	Faction6	Unit
538	Cards.Faction6.GrandmasterEmbla	GrandmasterEmbla	Faction6	Unit
539	Cards.Faction6.KindredHunter	KindredHunter	Faction6	Unit
540	Cards.Faction6.Circulus	Circulus	Faction6	Unit
541	Cards.Faction6.GhostSeraphim	GhostSeraphim	Faction6	Unit
542	Cards.Faction6.Hydrogarm	Hydrogarm	Faction6	Unit
543	Cards.Faction6.MatronElveiti	MatronElveiti	Faction6	Unit
544	Cards.Faction6.FrostBomb	FrostBomb	Faction6	Unit
545	Cards.Faction6.Shivers	Shivers	Faction6	Unit
546	Cards.Faction6.VanarSentinel	VanarSentinel	Faction6	Unit
547	Cards.Faction6.Freeblade	Freeblade	Faction6	Unit
548	Cards.Faction6.DrakeDowager	DrakeDowager	Faction6	Unit
549	Cards.Faction6.MoonlitBasilysk	MoonlitBasilysk	Faction6	Unit
550	Cards.Faction6.CrystalArbiter	CrystalArbiter	Faction6	Unit
551	Cards.Faction6.ProtosensorBuilding	ProtosensorBuilding	Faction6	Unit
552	Cards.Faction6.EchoDeliverant	EchoDeliverant	Faction6	Unit
553	Cards.Faction6.Ursaplomb	Ursaplomb	Faction6	Unit
554	Cards.Faction6.Protosensor	Protosensor	Faction6	Unit
555	Cards.Faction6.FrostbladeFiend	FrostbladeFiend	Faction6	Unit
556	Cards.Faction6.DraugarEyolith	DraugarEyolith	Faction6	Unit
557	Cards.Faction6.InfiltrateMaster	InfiltrateMaster	Faction6	Unit
558	Cards.Faction6.ThirdGeneral	ThirdGeneral	Faction6	Unit
559	Cards.Faction6.EyolithBuilding	EyolithBuilding	Faction6	Unit
560	Cards.Faction6.Snowballer	Snowballer	Faction6	Unit
561	Cards.Faction6.ManaThief	ManaThief	Faction6	Unit
562	Cards.Faction6.SuperFenrir	SuperFenrir	Faction6	Unit
563	Cards.Faction6.SnowWinkle	SnowWinkle	Faction6	Unit
564	Cards.Faction6.VanarQuest	VanarQuest	Faction6	Unit
565	Cards.Faction6.StunWarlock	StunWarlock	Faction6	Unit
566	Cards.Faction6.StunBeast	StunBeast	Faction6	Unit
567	Cards.Faction6.Rootmancer	Rootmancer	Faction6	Unit
10001	Cards.Neutral.SpottedDragonlark	SpottedDragonlark	Neutral	Unit
10009	Cards.Neutral.SilvertongueCorsair	SilvertongueCorsair	Neutral	Unit
10012	Cards.Neutral.SaberspineTiger	SaberspineTiger	Neutral	Unit
10013	Cards.Neutral.PhaseHound	PhaseHound	Neutral	Unit
10014	Cards.Neutral.BlackSandBurrower	BlackSandBurrower	Neutral	Unit
10016	Cards.Neutral.RepulsionBeast	RepulsionBeast	Neutral	Unit
10017	Cards.Neutral.FireSpitter	FireSpitter	Neutral	Unit
10018	Cards.Neutral.KomodoCharger	KomodoCharger	Neutral	Unit
10019	Cards.Neutral.PlanarScout	PlanarScout	Neutral	Unit
10020	Cards.Neutral.EphemeralShroud	EphemeralShroud	Neutral	Unit
10021	Cards.Neutral.ValeHunter	ValeHunter	Neutral	Unit
10022	Cards.Neutral.TwilightMage	TwilightMage	Neutral	Unit
10204	Cards.Neutral.BrightmossGolem	BrightmossGolem	Neutral	Unit
10205	Cards.Neutral.BloodshardGolem	BloodshardGolem	Neutral	Unit
10206	Cards.Neutral.DragoneboneGolem	DragoneboneGolem	Neutral	Unit
10207	Cards.Neutral.StormmetalGolem	StormmetalGolem	Neutral	Unit
10301	Cards.Neutral.SunSeer	SunSeer	Neutral	Unit
10302	Cards.Neutral.Manaforger	Manaforger	Neutral	Unit
10303	Cards.Neutral.PrismaticIllusionist	PrismaticIllusionist	Neutral	Unit
10304	Cards.Neutral.AlcuinLoremaster	AlcuinLoremaster	Neutral	Unit
10305	Cards.Neutral.OwlbeastSage	OwlbeastSage	Neutral	Unit
10306	Cards.Neutral.Lightbender	Lightbender	Neutral	Unit
10307	Cards.Neutral.Serpenti	Serpenti	Neutral	Unit
10309	Cards.Neutral.ArcaneIllusion	ArcaneIllusion	Neutral	Unit
10953	Cards.Neutral.Crossbones	Crossbones	Neutral	Unit
10954	Cards.Neutral.SwornAvenger	SwornAvenger	Neutral	Unit
10955	Cards.Neutral.SwornDefender	SwornDefender	Neutral	Unit
10956	Cards.Neutral.RedSynja	RedSynja	Neutral	Unit
10957	Cards.Neutral.CoiledCrawler	CoiledCrawler	Neutral	Unit
10958	Cards.Neutral.DaggerKiri	DaggerKiri	Neutral	Unit
10959	Cards.Neutral.DancingBlades	DancingBlades	Neutral	Unit
10960	Cards.Neutral.VenomToth	VenomToth	Neutral	Unit
10961	Cards.Neutral.ArtifactHunter	ArtifactHunter	Neutral	Unit
10962	Cards.Neutral.ChaosElemental	ChaosElemental	Neutral	Unit
10963	Cards.Neutral.JaxTruesight	JaxTruesight	Neutral	Unit
10965	Cards.Neutral.Mindwarper	Mindwarper	Neutral	Unit
10966	Cards.Neutral.Pandora	Pandora	Neutral	Unit
10967	Cards.Neutral.PandoraMinion1	PandoraMinion1	Neutral	Unit
10968	Cards.Neutral.PandoraMinion2	PandoraMinion2	Neutral	Unit
10969	Cards.Neutral.PandoraMinion3	PandoraMinion3	Neutral	Unit
10970	Cards.Neutral.PandoraMinion4	PandoraMinion4	Neutral	Unit
10971	Cards.Neutral.PandoraMinion5	PandoraMinion5	Neutral	Unit
10972	Cards.Neutral.MiniJax	MiniJax	Neutral	Unit
10973	Cards.Neutral.LuxIgnis	LuxIgnis	Neutral	Unit
10974	Cards.Neutral.SyvrelTheExile	SyvrelTheExile	Neutral	Unit
10975	Cards.Neutral.Spelljammer	Spelljammer	Neutral	Unit
10976	Cards.Neutral.Dilotas	Dilotas	Neutral	Unit
10977	Cards.Neutral.DilotasTombstone	DilotasTombstone	Neutral	Unit
10978	Cards.Neutral.HailstoneGolem	HailstoneGolem	Neutral	Unit
10979	Cards.Neutral.Maw	Maw	Neutral	Unit
10980	Cards.Neutral.DeathBlighter	DeathBlighter	Neutral	Unit
10981	Cards.Neutral.HealingMystic	HealingMystic	Neutral	Unit
10982	Cards.Neutral.VoidHunter	VoidHunter	Neutral	Unit
10983	Cards.Neutral.AshMephyt	AshMephyt	Neutral	Unit
10984	Cards.Neutral.FirstSwordofAkrane	FirstSwordofAkrane	Neutral	Unit
10985	Cards.Neutral.TheHighHand	TheHighHand	Neutral	Unit
10986	Cards.Neutral.Eclipse	Eclipse	Neutral	Unit
10987	Cards.Neutral.LadyLocke	LadyLocke	Neutral	Unit
10988	Cards.Neutral.Moebius	Moebius	Neutral	Unit
10989	Cards.Neutral.HankHart	HankHart	Neutral	Unit
10990	Cards.Neutral.Rook	Rook	Neutral	Unit
10991	Cards.Neutral.Purgatos	Purgatos	Neutral	Unit
10992	Cards.Neutral.Songweaver	Songweaver	Neutral	Unit
10993	Cards.Neutral.Aethermaster	Aethermaster	Neutral	Unit
10994	Cards.Neutral.ZenRui	ZenRui	Neutral	Unit
10995	Cards.Neutral.EmeraldRejuvenator	EmeraldRejuvenator	Neutral	Unit
10996	Cards.Neutral.ZuraelTheLifegiver	ZuraelTheLifegiver	Neutral	Unit
10997	Cards.Neutral.Paddo	Paddo	Neutral	Unit
10998	Cards.Neutral.Fog	Fog	Neutral	Unit
10999	Cards.Neutral.Ubo	Ubo	Neutral	Unit
11001	Cards.Neutral.Amu	Amu	Neutral	Unit
11003	Cards.Neutral.Sai	Sai	Neutral	Unit
11004	Cards.Neutral.Yun	Yun	Neutral	Unit
11006	Cards.Neutral.BlackLocust	BlackLocust	Neutral	Unit
11007	Cards.Neutral.WindRunner	WindRunner	Neutral	Unit
11008	Cards.Neutral.Mogwai	Mogwai	Neutral	Unit
11009	Cards.Neutral.GhostLynx	GhostLynx	Neutral	Unit
11010	Cards.Neutral.Grailmaster	Grailmaster	Neutral	Unit
11011	Cards.Neutral.Firestarter	Firestarter	Neutral	Unit
11012	Cards.Neutral.Spellspark	Spellspark	Neutral	Unit
11013	Cards.Neutral.Khymera	Khymera	Neutral	Unit
11014	Cards.Neutral.Jaxi	Jaxi	Neutral	Unit
11015	Cards.Neutral.SunElemental	SunElemental	Neutral	Unit
11016	Cards.Neutral.ProphetWhitePalm	ProphetWhitePalm	Neutral	Unit
11017	Cards.Neutral.ArakiHeadhunter	ArakiHeadhunter	Neutral	Unit
11018	Cards.Neutral.KeeperOfTheVale	KeeperOfTheVale	Neutral	Unit
11019	Cards.Neutral.WhiteWidow	WhiteWidow	Neutral	Unit
11020	Cards.Neutral.WingsOfParadise	WingsOfParadise	Neutral	Unit
11021	Cards.Neutral.AstralCrusader	AstralCrusader	Neutral	Unit
11022	Cards.Neutral.Dreamgazer	Dreamgazer	Neutral	Unit
11023	Cards.Neutral.Bonereaper	Bonereaper	Neutral	Unit
11024	Cards.Neutral.HollowGrovekeeper	HollowGrovekeeper	Neutral	Unit
11025	Cards.Neutral.Tethermancer	Tethermancer	Neutral	Unit
11026	Cards.Neutral.WarTalon	WarTalon	Neutral	Unit
11027	Cards.Neutral.SapphireSeer	SapphireSeer	Neutral	Unit
11028	Cards.Neutral.SunsteelDefender	SunsteelDefender	Neutral	Unit
11029	Cards.Neutral.EXun	EXun	Neutral	Unit
11030	Cards.Neutral.SunsetParagon	SunsetParagon	Neutral	Unit
11031	Cards.Neutral.Necroseer	Necroseer	Neutral	Unit
11032	Cards.Neutral.Bloodletter	Bloodletter	Neutral	Unit
11033	Cards.Neutral.ArrowWhistler	ArrowWhistler	Neutral	Unit
11034	Cards.Neutral.GoldenJusticar	GoldenJusticar	Neutral	Unit
11035	Cards.Neutral.Skywing	Skywing	Neutral	Unit
11036	Cards.Neutral.Unseven	Unseven	Neutral	Unit
11037	Cards.Neutral.DiamondGolem	DiamondGolem	Neutral	Unit
11038	Cards.Neutral.Bastion	Bastion	Neutral	Unit
11039	Cards.Neutral.Abjudicator	Abjudicator	Neutral	Unit
11040	Cards.Neutral.AlterRexx	AlterRexx	Neutral	Unit
11041	Cards.Neutral.SwornSister	SwornSister	Neutral	Unit
11042	Cards.Neutral.Chakkram	Chakkram	Neutral	Unit
11043	Cards.Neutral.BlisteringSkorn	BlisteringSkorn	Neutral	Unit
11044	Cards.Neutral.BloodTaura	BloodTaura	Neutral	Unit
11045	Cards.Neutral.RubyRifter	RubyRifter	Neutral	Unit
11046	Cards.Neutral.Shiro	Shiro	Neutral	Unit
11047	Cards.Neutral.TheScientist	TheScientist	Neutral	Unit
11048	Cards.Neutral.Envybaer	Envybaer	Neutral	Unit
11049	Cards.Neutral.Grincher	Grincher	Neutral	Unit
11050	Cards.Neutral.Rok	Rok	Neutral	Unit
11051	Cards.Neutral.Ion	Ion	Neutral	Unit
11052	Cards.Neutral.Hydrax	Hydrax	Neutral	Unit
11053	Cards.Neutral.Koi	Koi	Neutral	Unit
11054	Cards.Neutral.Beastmaster	Beastmaster	Neutral	Unit
11055	Cards.Neutral.Silverbeak	Silverbeak	Neutral	Unit
11056	Cards.Neutral.GoldenMantella	GoldenMantella	Neutral	Unit
11057	Cards.Neutral.Gnasher	Gnasher	Neutral	Unit
11058	Cards.Neutral.Soboro	Soboro	Neutral	Unit
11059	Cards.Neutral.Zukong	Zukong	Neutral	Unit
11060	Cards.Neutral.Rawr	Rawr	Neutral	Unit
11061	Cards.Neutral.Z0r	Z0r	Neutral	Unit
11063	Cards.Neutral.Calculator	Calculator	Neutral	Unit
11064	Cards.Neutral.InquisitorKron	InquisitorKron	Neutral	Unit
11065	Cards.Neutral.Prisoner1	Prisoner1	Neutral	Unit
11066	Cards.Neutral.Sol	Sol	Neutral	Unit
11067	Cards.Neutral.Nip	Nip	Neutral	Unit
11069	Cards.Neutral.Prisoner2	Prisoner2	Neutral	Unit
11070	Cards.Neutral.Prisoner3	Prisoner3	Neutral	Unit
11072	Cards.Neutral.Prisoner5	Prisoner5	Neutral	Unit
11073	Cards.Neutral.Prisoner6	Prisoner6	Neutral	Unit
11074	Cards.Neutral.Oni	Oni	Neutral	Unit
11075	Cards.Neutral.WoodWen	WoodWen	Neutral	Unit
11076	Cards.Neutral.Elkowl	Elkowl	Neutral	Unit
11077	Cards.Neutral.GroveLion	GroveLion	Neutral	Unit
11078	Cards.Neutral.Sphynx	Sphynx	Neutral	Unit
11079	Cards.Neutral.DayWatcher	DayWatcher	Neutral	Unit
11080	Cards.Neutral.NightWatcher	NightWatcher	Neutral	Unit
11081	Cards.Neutral.QuartermasterGauj	QuartermasterGauj	Neutral	Unit
11082	Cards.Neutral.DustWailer	DustWailer	Neutral	Unit
11083	Cards.Neutral.Zyx	Zyx	Neutral	Unit
11084	Cards.Neutral.AzureHerald	AzureHerald	Neutral	Unit
11085	Cards.Neutral.Ironclad	Ironclad	Neutral	Unit
11086	Cards.Neutral.Decimus	Decimus	Neutral	Unit
11087	Cards.Neutral.Sanguinar	Sanguinar	Neutral	Unit
11088	Cards.Neutral.Cryptographer	Cryptographer	Neutral	Unit
11089	Cards.Neutral.Meltdown	Meltdown	Neutral	Unit
11090	Cards.Neutral.Ghoulie	Ghoulie	Neutral	Unit
11091	Cards.Neutral.Feralu	Feralu	Neutral	Unit
11092	Cards.Neutral.BoulderBreacher	BoulderBreacher	Neutral	Unit
11093	Cards.Neutral.EMP	EMP	Neutral	Unit
11094	Cards.Neutral.BlueConjurer	BlueConjurer	Neutral	Unit
11095	Cards.Neutral.Grimes	Grimes	Neutral	Unit
11096	Cards.Neutral.Duplicator	Duplicator	Neutral	Unit
11097	Cards.Neutral.TrinityWing	TrinityWing	Neutral	Unit
11098	Cards.Neutral.Celebrant	Celebrant	Neutral	Unit
11099	Cards.Neutral.Fatesealer	Fatesealer	Neutral	Unit
11100	Cards.Neutral.Futureshaker	Futureshaker	Neutral	Unit
11101	Cards.Neutral.Fortuneshaper	Fortuneshaper	Neutral	Unit
11102	Cards.Neutral.Carcynus	Carcynus	Neutral	Unit
11103	Cards.Neutral.KomodoHunter	KomodoHunter	Neutral	Unit
11104	Cards.Neutral.Emberwyrm	Emberwyrm	Neutral	Unit
11105	Cards.Neutral.WildTahr	WildTahr	Neutral	Unit
11106	Cards.Neutral.RazorcragGolem	RazorcragGolem	Neutral	Unit
11107	Cards.Neutral.Magesworn	Magesworn	Neutral	Unit
11108	Cards.Neutral.Rokadoptera	Rokadoptera	Neutral	Unit
11109	Cards.Neutral.SinisterSilhouette	SinisterSilhouette	Neutral	Unit
11110	Cards.Neutral.MatterShaper	MatterShaper	Neutral	Unit
11111	Cards.Neutral.Quahog	Quahog	Neutral	Unit
11112	Cards.Neutral.Letigress	Letigress	Neutral	Unit
11113	Cards.Neutral.TigerCub	TigerCub	Neutral	Unit
11114	Cards.Neutral.Theobule	Theobule	Neutral	Unit
11115	Cards.Neutral.Thunderhorn	Thunderhorn	Neutral	Unit
11116	Cards.Neutral.Spriggin	Spriggin	Neutral	Unit
11117	Cards.Neutral.PartyAnimal1	PartyAnimal1	Neutral	Unit
11118	Cards.Neutral.PartyAnimal2	PartyAnimal2	Neutral	Unit
11119	Cards.Neutral.PartyAnimal3	PartyAnimal3	Neutral	Unit
11120	Cards.Neutral.PartyAnimal4	PartyAnimal4	Neutral	Unit
11121	Cards.Neutral.DagonaFish	DagonaFish	Neutral	Unit
11122	Cards.Neutral.Gambler	Gambler	Neutral	Unit
11123	Cards.Neutral.Metaltooth	Metaltooth	Neutral	Unit
11124	Cards.Neutral.Artificer	Artificer	Neutral	Unit
11125	Cards.Neutral.FidgetSpinner	FidgetSpinner	Neutral	Unit
11126	Cards.Neutral.Replicant	Replicant	Neutral	Unit
11127	Cards.Neutral.ProjectOmega	ProjectOmega	Neutral	Unit
11128	Cards.Neutral.Deceptibot	Deceptibot	Neutral	Unit
11129	Cards.Neutral.Silver	Silver	Neutral	Unit
11130	Cards.Neutral.RescueRXBuilding	RescueRXBuilding	Neutral	Unit
11131	Cards.Neutral.RedsteelMinos	RedsteelMinos	Neutral	Unit
11132	Cards.Neutral.Qorrhlmaa	Qorrhlmaa	Neutral	Unit
11133	Cards.Neutral.ImperviousGiago	ImperviousGiago	Neutral	Unit
11134	Cards.Neutral.CapriciousMarauder	CapriciousMarauder	Neutral	Unit
11135	Cards.Neutral.Recombobulus	Recombobulus	Neutral	Unit
11136	Cards.Neutral.Reliquarian	Reliquarian	Neutral	Unit
11137	Cards.Neutral.RescueRX	RescueRX	Neutral	Unit
11138	Cards.Neutral.ArchitectT2K5	ArchitectT2K5	Neutral	Unit
11139	Cards.Neutral.Timekeeper	Timekeeper	Neutral	Unit
11140	Cards.Neutral.ArchitectBuilding	ArchitectBuilding	Neutral	Unit
11141	Cards.Neutral.DuplicatorShuffler	DuplicatorShuffler	Neutral	Unit
11142	Cards.Neutral.AerOwlblade	AerOwlblade	Neutral	Unit
11143	Cards.Neutral.BigRush	BigRush	Neutral	Unit
11144	Cards.Neutral.MoonlightSorcerer	MoonlightSorcerer	Neutral	Unit
11145	Cards.Neutral.PennyPacker	PennyPacker	Neutral	Unit
11146	Cards.Neutral.ValueMcDownside	ValueMcDownside	Neutral	Unit
11147	Cards.Neutral.BiggestGiantGolem	BiggestGiantGolem	Neutral	Unit
11148	Cards.Neutral.BlueblackProngbok	BlueblackProngbok	Neutral	Unit
11149	Cards.Neutral.Singleton	Singleton	Neutral	Unit
11150	Cards.Neutral.VoidExploder	VoidExploder	Neutral	Unit
11151	Cards.Neutral.FrizzlingMystic	FrizzlingMystic	Neutral	Unit
11152	Cards.Neutral.ArarasShuffler	ArarasShuffler	Neutral	Unit
11153	Cards.Neutral.Graboctopus	Graboctopus	Neutral	Unit
11154	Cards.Neutral.SuperDoxx	SuperDoxx	Neutral	Unit
11155	Cards.Neutral.Doxx	Doxx	Neutral	Unit
11156	Cards.Neutral.IncindyDindy	IncindyDindy	Neutral	Unit
11157	Cards.Neutral.Scarzig	Scarzig	Neutral	Unit
11158	Cards.Neutral.BigScarzig	BigScarzig	Neutral	Unit
11159	Cards.Neutral.Hsuku	Hsuku	Neutral	Unit
19001	Cards.Neutral.Mechaz0r	Mechaz0r	Neutral	Unit
19002	Cards.Neutral.Mechaz0rHelm	Mechaz0rHelm	Neutral	Unit
19003	Cards.Neutral.Mechaz0rWings	Mechaz0rWings	Neutral	Unit
19004	Cards.Neutral.Mechaz0rCannon	Mechaz0rCannon	Neutral	Unit
19005	Cards.Neutral.Mechaz0rSword	Mechaz0rSword	Neutral	Unit
19006	Cards.Neutral.Mechaz0rChassis	Mechaz0rChassis	Neutral	Unit
19010	Cards.Neutral.WindStopper	WindStopper	Neutral	Unit
19025	Cards.Neutral.VineEntangler	VineEntangler	Neutral	Unit
19026	Cards.Neutral.RockPulverizer	RockPulverizer	Neutral	Unit
19027	Cards.Neutral.PrimusShieldmaster	PrimusShieldmaster	Neutral	Unit
19028	Cards.Neutral.HailstoneHowler	HailstoneHowler	Neutral	Unit
19029	Cards.Neutral.BluetipScorpion	BluetipScorpion	Neutral	Unit
19030	Cards.Neutral.CrimsonOculus	CrimsonOculus	Neutral	Unit
19031	Cards.Neutral.ThornNeedler	ThornNeedler	Neutral	Unit
19032	Cards.Neutral.RogueWarden	RogueWarden	Neutral	Unit
19033	Cards.Neutral.PutridMindflayer	PutridMindflayer	Neutral	Unit
19034	Cards.Neutral.FlameWing	FlameWing	Neutral	Unit
19035	Cards.Neutral.LightningBeetle	LightningBeetle	Neutral	Unit
19036	Cards.Neutral.WhistlingBlade	WhistlingBlade	Neutral	Unit
19037	Cards.Neutral.PrimusFist	PrimusFist	Neutral	Unit
19038	Cards.Neutral.GolemMetallurgist	GolemMetallurgist	Neutral	Unit
19039	Cards.Neutral.GolemVanquisher	GolemVanquisher	Neutral	Unit
19040	Cards.Neutral.PiercingMantis	PiercingMantis	Neutral	Unit
19042	Cards.Neutral.FrostboneNaga	FrostboneNaga	Neutral	Unit
19043	Cards.Neutral.ArchonSpellbinder	ArchonSpellbinder	Neutral	Unit
19044	Cards.Neutral.SilhoutteTracer	SilhoutteTracer	Neutral	Unit
19045	Cards.Neutral.SarlacTheEternal	SarlacTheEternal	Neutral	Unit
19046	Cards.Neutral.DarkNemesis	DarkNemesis	Neutral	Unit
19047	Cards.Neutral.MirkbloodDevourer	MirkbloodDevourer	Neutral	Unit
19048	Cards.Neutral.SkyrockGolem	SkyrockGolem	Neutral	Unit
19049	Cards.Neutral.Sojourner	Sojourner	Neutral	Unit
19050	Cards.Neutral.AzureHornShaman	AzureHornShaman	Neutral	Unit
19051	Cards.Neutral.FlamebloodWarlock	FlamebloodWarlock	Neutral	Unit
19052	Cards.Neutral.BloodtearAlchemist	BloodtearAlchemist	Neutral	Unit
20028	Cards.Spell.Enslave	Enslave	Spell	Spell
20030	Cards.Spell.Dispel	Dispel	Spell	Spell
20043	Cards.Spell.SundropElixir	SundropElixir	Spell	Spell
20044	Cards.Spell.Tempest	Tempest	Spell	Spell
20045	Cards.Spell.AurynNexus	AurynNexus	Spell	Spell
20046	Cards.Spell.LastingJudgement	LastingJudgement	Spell	Spell
20047	Cards.Spell.WarSurge	WarSurge	Spell	Spell
20049	Cards.Spell.DaemonicLure	DaemonicLure	Spell	Spell
20050	Cards.Spell.NetherSummoning	NetherSummoning	Spell	Spell
20051	Cards.Spell.ShadowNova	ShadowNova	Spell	Spell
20052	Cards.Spell.VoidPulse	VoidPulse	Spell	Spell
20053	Cards.Spell.FollowupTeleport	FollowupTeleport	Spell	Spell
20054	Cards.Spell.FollowupTeleportEnemyToMe	FollowupTeleportEnemyToMe	Spell	Spell
20055	Cards.Spell.ApplyModifiers	ApplyModifiers	Spell	Spell
20056	Cards.Spell.KillTarget	KillTarget	Spell	Spell
20057	Cards.Spell.RitualBanishing	RitualBanishing	Spell	Spell
20058	Cards.Spell.SpawnEntity	SpawnEntity	Spell	Spell
20059	Cards.Spell.DarkSacrifice	DarkSacrifice	Spell	Spell
20060	Cards.Spell.Repulsion	Repulsion	Spell	Spell
20061	Cards.Spell.DarkTransformation	DarkTransformation	Spell	Spell
20062	Cards.Spell.LionheartBlessing	LionheartBlessing	Spell	Spell
20063	Cards.Spell.FractalReplication	FractalReplication	Spell	Spell
20064	Cards.Spell.SunBloom	SunBloom	Spell	Spell
20065	Cards.Spell.ShadowReflection	ShadowReflection	Spell	Spell
20066	Cards.Spell.TrueStrike	TrueStrike	Spell	Spell
20067	Cards.Spell.HolyImmolation	HolyImmolation	Spell	Spell
20068	Cards.Spell.DivineBond	DivineBond	Spell	Spell
20069	Cards.Spell.DarkSeed	DarkSeed	Spell	Spell
20070	Cards.Spell.CurseOfAgony	CurseOfAgony	Spell	Spell
20071	Cards.Spell.SoulshatterPact	SoulshatterPact	Spell	Spell
20072	Cards.Spell.WraithlingSwarm	WraithlingSwarm	Spell	Spell
20073	Cards.Spell.SiphonEnergy	SiphonEnergy	Spell	Spell
20074	Cards.Spell.CosmicFlesh	CosmicFlesh	Spell	Spell
20075	Cards.Spell.Blindscorch	Blindscorch	Spell	Spell
20076	Cards.Spell.AstralPhasing	AstralPhasing	Spell	Spell
20077	Cards.Spell.EntropicDecay	EntropicDecay	Spell	Spell
20078	Cards.Spell.Maelstrom	Maelstrom	Spell	Spell
20080	Cards.Spell.SaberspineSeal	SaberspineSeal	Spell	Spell
20081	Cards.Spell.PhoenixFire	PhoenixFire	Spell	Spell
20082	Cards.Spell.TwinStrike	TwinStrike	Spell	Spell
20083	Cards.Spell.SpellDamage	SpellDamage	Spell	Spell
20084	Cards.Spell.SpiralTechnique	SpiralTechnique	Spell	Spell
20085	Cards.Spell.ManaVortex	ManaVortex	Spell	Spell
20086	Cards.Spell.InnerFocus	InnerFocus	Spell	Spell
20087	Cards.Spell.OnyxBearSeal	OnyxBearSeal	Spell	Spell
20088	Cards.Spell.GhostLightning	GhostLightning	Spell	Spell
20089	Cards.Spell.AbyssianStrength	AbyssianStrength	Spell	Spell
20090	Cards.Spell.Martyrdom	Martyrdom	Spell	Spell
20092	Cards.Spell.CloneTargetEntity	CloneTargetEntity	Spell	Spell
20093	Cards.Spell.DrainMorale	DrainMorale	Spell	Spell
20094	Cards.Spell.DeathstrikeSeal	DeathstrikeSeal	Spell	Spell
20095	Cards.Spell.ScionsFirstWish	ScionsFirstWish	Spell	Spell
20096	Cards.Spell.ScionsSecondWish	ScionsSecondWish	Spell	Spell
20097	Cards.Spell.ScionsThirdWish	ScionsThirdWish	Spell	Spell
20098	Cards.Spell.FollowupScionsThirdWish	FollowupScionsThirdWish	Spell	Spell
20099	Cards.Spell.RashasCurse	RashasCurse	Spell	Spell
20100	Cards.Spell.AncestralDivination	AncestralDivination	Spell	Spell
20101	Cards.Spell.CloneSourceEntity	CloneSourceEntity	Spell	Spell
20102	Cards.Spell.KillingEdge	KillingEdge	Spell	Spell
20103	Cards.Spell.FollowupTeleportMyGeneral	FollowupTeleportMyGeneral	Spell	Spell
20104	Cards.Spell.CircleLife	CircleLife	Spell	Spell
20105	Cards.Spell.StarsFury	StarsFury	Spell	Spell
20106	Cards.Spell.ArtifactDefiler	ArtifactDefiler	Spell	Spell
20107	Cards.Spell.CloneSourceEntity2X	CloneSourceEntity2X	Spell	Spell
20108	Cards.Spell.CloneSourceEntity3X	CloneSourceEntity3X	Spell	Spell
20109	Cards.Spell.BeamShock	BeamShock	Spell	Spell
20110	Cards.Spell.DeployMechaz0r	DeployMechaz0r	Spell	Spell
20111	Cards.Spell.DampeningWave	DampeningWave	Spell	Spell
20112	Cards.Spell.FlashReincarnation	FlashReincarnation	Spell	Spell
20113	Cards.Spell.DiretideFrenzy	DiretideFrenzy	Spell	Spell
20114	Cards.Spell.Tremor	Tremor	Spell	Spell
20115	Cards.Spell.DanceOfDreams	DanceOfDreams	Spell	Spell
20116	Cards.Spell.GreaterFortitude	GreaterFortitude	Spell	Spell
20117	Cards.Spell.EarthSphere	EarthSphere	Spell	Spell
20118	Cards.Spell.BoundedLifeforce	BoundedLifeforce	Spell	Spell
20119	Cards.Spell.Amplification	Amplification	Spell	Spell
20120	Cards.Spell.AegisBarrier	AegisBarrier	Spell	Spell
20121	Cards.Spell.Metamorphosis	Metamorphosis	Spell	Spell
20122	Cards.Spell.PlasmaStorm	PlasmaStorm	Spell	Spell
20123	Cards.Spell.KillTargetWithRanged	KillTargetWithRanged	Spell	Spell
20124	Cards.Spell.ChrysalisBloom	ChrysalisBloom	Spell	Spell
20125	Cards.Spell.NaturalSelection	NaturalSelection	Spell	Spell
20126	Cards.Spell.DunecasterFollowup	DunecasterFollowup	Spell	Spell
20128	Cards.Spell.Decimate	Decimate	Spell	Spell
20129	Cards.Spell.Juxtaposition	Juxtaposition	Spell	Spell
20130	Cards.Spell.FollowupSwapPositions	FollowupSwapPositions	Spell	Spell
20131	Cards.Spell.BreathOfTheUnborn	BreathOfTheUnborn	Spell	Spell
20132	Cards.Spell.AurorasTears	AurorasTears	Spell	Spell
20133	Cards.Spell.DeathfireCrescendo	DeathfireCrescendo	Spell	Spell
20134	Cards.Spell.ChromaticCold	ChromaticCold	Spell	Spell
20135	Cards.Spell.PermafrostShield	PermafrostShield	Spell	Spell
20136	Cards.Spell.Avalanche	Avalanche	Spell	Spell
20137	Cards.Spell.ElementalFury	ElementalFury	Spell	Spell
20138	Cards.Spell.Numb	Numb	Spell	Spell
20139	Cards.Spell.FlashFreeze	FlashFreeze	Spell	Spell
20140	Cards.Spell.MarkOfSolitude	MarkOfSolitude	Spell	Spell
20141	Cards.Spell.KageLightning	KageLightning	Spell	Spell
20142	Cards.Spell.FollowupDamage	FollowupDamage	Spell	Spell
20143	Cards.Spell.EightGates	EightGates	Spell	Spell
20144	Cards.Spell.AspectOfTheWolf	AspectOfTheWolf	Spell	Spell
20145	Cards.Spell.AspectOfTheDrake	AspectOfTheDrake	Spell	Spell
20146	Cards.Spell.AspectOfTheMountains	AspectOfTheMountains	Spell	Spell
20147	Cards.Spell.GravityWell	GravityWell	Spell	Spell
20148	Cards.Spell.BlazingSpines	BlazingSpines	Spell	Spell
20149	Cards.Spell.BonechillBarrier	BonechillBarrier	Spell	Spell
20150	Cards.Spell.RitualOfTheWind	RitualOfTheWind	Spell	Spell
20151	Cards.Spell.BoneSwarm	BoneSwarm	Spell	Spell
20152	Cards.Spell.FountainOfYouth	FountainOfYouth	Spell	Spell
20153	Cards.Spell.InnerOasis	InnerOasis	Spell	Spell
20154	Cards.Spell.RiteOfTheUndervault	RiteOfTheUndervault	Spell	Spell
20155	Cards.Spell.HeavensEclipse	HeavensEclipse	Spell	Spell
20156	Cards.Spell.MindSteal	MindSteal	Spell	Spell
20157	Cards.Spell.EggMorph	EggMorph	Spell	Spell
20158	Cards.Spell.AerialRift	AerialRift	Spell	Spell
20159	Cards.Spell.FollowupHeal	FollowupHeal	Spell	Spell
20160	Cards.Spell.IceCage	IceCage	Spell	Spell
20161	Cards.Spell.Magnetize	Magnetize	Spell	Spell
20162	Cards.Spell.KineticEquilibrium	KineticEquilibrium	Spell	Spell
20163	Cards.Spell.SpiritoftheWild	SpiritoftheWild	Spell	Spell
20164	Cards.Spell.MindControlByAttackValue	MindControlByAttackValue	Spell	Spell
20165	Cards.Spell.Cryogenesis	Cryogenesis	Spell	Spell
20166	Cards.Spell.ConsumingRebirth	ConsumingRebirth	Spell	Spell
20167	Cards.Spell.MistWalking	MistWalking	Spell	Spell
20168	Cards.Spell.MistDragonSeal	MistDragonSeal	Spell	Spell
20169	Cards.Spell.RashasCurseFollowup	RashasCurseFollowup	Spell	Spell
20170	Cards.Spell.FollowupRandomTeleport	FollowupRandomTeleport	Spell	Spell
20171	Cards.Spell.FollowupKeeper	FollowupKeeper	Spell	Spell
20172	Cards.Spell.FollowupHollowGroveKeeper	FollowupHollowGroveKeeper	Spell	Spell
20173	Cards.Spell.FollowupKillTargetByAttack	FollowupKillTargetByAttack	Spell	Spell
20174	Cards.Spell.Roar	Roar	Spell	Spell
20175	Cards.Spell.Afterglow	Afterglow	Spell	Spell
20176	Cards.Spell.Blink	Blink	Spell	Spell
20177	Cards.Spell.ArcaneHeart	ArcaneHeart	Spell	Spell
20178	Cards.Spell.WindShroud	WindShroud	Spell	Spell
20179	Cards.Spell.PsionicStrike	PsionicStrike	Spell	Spell
20180	Cards.Spell.Shadowspawn	Shadowspawn	Spell	Spell
20181	Cards.Spell.AbyssalScar	AbyssalScar	Spell	Spell
20182	Cards.Spell.Overload	Overload	Spell	Spell
20183	Cards.Spell.SeekingEye	SeekingEye	Spell	Spell
20184	Cards.Spell.Warbird	Warbird	Spell	Spell
20185	Cards.Spell.KineticSurge	KineticSurge	Spell	Spell
20186	Cards.Spell.IroncliffeHeart	IroncliffeHeart	Spell	Spell
20187	Cards.Spell.SkyBurial	SkyBurial	Spell	Spell
20188	Cards.Spell.Afterblaze	Afterblaze	Spell	Spell
20189	Cards.Spell.FightingSpirit	FightingSpirit	Spell	Spell
20190	Cards.Spell.LucentBeam	LucentBeam	Spell	Spell
20191	Cards.Spell.CrimsonCoil	CrimsonCoil	Spell	Spell
20192	Cards.Spell.ShadowWaltz	ShadowWaltz	Spell	Spell
20193	Cards.Spell.Pandamonium	Pandamonium	Spell	Spell
20194	Cards.Spell.MirrorMeld	MirrorMeld	Spell	Spell
20195	Cards.Spell.AstralFlood	AstralFlood	Spell	Spell
20196	Cards.Spell.WhisperOfTheSands	WhisperOfTheSands	Spell	Spell
20197	Cards.Spell.PsychicConduit	PsychicConduit	Spell	Spell
20198	Cards.Spell.CorpseCombustion	CorpseCombustion	Spell	Spell
20199	Cards.Spell.LurkingFear	LurkingFear	Spell	Spell
20200	Cards.Spell.InkhornGaze	InkhornGaze	Spell	Spell
20201	Cards.Spell.SphereOfDarkness	SphereOfDarkness	Spell	Spell
20202	Cards.Spell.RazorSkin	RazorSkin	Spell	Spell
20203	Cards.Spell.LavaLance	LavaLance	Spell	Spell
20204	Cards.Spell.EchoingShriek	EchoingShriek	Spell	Spell
20205	Cards.Spell.VoidSteal	VoidSteal	Spell	Spell
20206	Cards.Spell.NaturesConfluence	NaturesConfluence	Spell	Spell
20207	Cards.Spell.Frostburn	Frostburn	Spell	Spell
20208	Cards.Spell.WailingOverdrive	WailingOverdrive	Spell	Spell
20209	Cards.Spell.VespyricCall	VespyricCall	Spell	Spell
20210	Cards.Spell.DoubleAttackAndHealth	DoubleAttackAndHealth	Spell	Spell
20211	Cards.Spell.LightningBlitz	LightningBlitz	Spell	Spell
20212	Cards.Spell.WintersWake	WintersWake	Spell	Spell
20213	Cards.Spell.VeilOfUnraveling	VeilOfUnraveling	Spell	Spell
20214	Cards.Spell.AlteredBeast	AlteredBeast	Spell	Spell
20215	Cards.Spell.HatchAnEgg	HatchAnEgg	Spell	Spell
20216	Cards.Spell.CircleOfDesiccation	CircleOfDesiccation	Spell	Spell
20217	Cards.Spell.KoanOfHorns	KoanOfHorns	Spell	Spell
20218	Cards.Spell.ThumpingWave	ThumpingWave	Spell	Spell
20219	Cards.Spell.FlamingStampede	FlamingStampede	Spell	Spell
20220	Cards.Spell.SkyPhalanx	SkyPhalanx	Spell	Spell
20221	Cards.Spell.CloneSourceEntityNearbyGeneral	CloneSourceEntityNearbyGeneral	Spell	Spell
20222	Cards.Spell.CloneSourceEntityNearbyGeneral2X	CloneSourceEntityNearbyGeneral2X	Spell	Spell
20223	Cards.Spell.FollowupActivateBattlepet	FollowupActivateBattlepet	Spell	Spell
20224	Cards.Spell.Riddle	Riddle	Spell	Spell
20225	Cards.Spell.EntropicGaze	EntropicGaze	Spell	Spell
20226	Cards.Spell.AphoticDrain	AphoticDrain	Spell	Spell
20227	Cards.Spell.NecroticSphere	NecroticSphere	Spell	Spell
20228	Cards.Spell.ConcealingShroud	ConcealingShroud	Spell	Spell
20229	Cards.Spell.Enfeeble	Enfeeble	Spell	Spell
20230	Cards.Spell.FollowupTeleportMyGeneralBehindEnemy	FollowupTeleportMyGeneralBehindEnemy	Spell	Spell
20231	Cards.Spell.EtherealBlades	EtherealBlades	Spell	Spell
20232	Cards.Spell.TrinityOath	TrinityOath	Spell	Spell
20233	Cards.Spell.DrainingWave	DrainingWave	Spell	Spell
20234	Cards.Spell.TectonicSpikes	TectonicSpikes	Spell	Spell
20235	Cards.Spell.PrismBarrier	PrismBarrier	Spell	Spell
20236	Cards.Spell.FollowupTeleportInFrontOfAnyGeneral	FollowupTeleportInFrontOfAnyGeneral	Spell	Spell
20237	Cards.Spell.FrigidCorona	FrigidCorona	Spell	Spell
20238	Cards.Spell.SummonFiends	SummonFiends	Spell	Spell
20239	Cards.Spell.FuriousLings	FuriousLings	Spell	Spell
20240	Cards.Spell.CobraStrike	CobraStrike	Spell	Spell
20241	Cards.Spell.Backstabbery	Backstabbery	Spell	Spell
20242	Cards.Spell.DivineSpark	DivineSpark	Spell	Spell
20243	Cards.Spell.Punish	Punish	Spell	Spell
20244	Cards.Spell.EquipVetArtifacts	EquipVetArtifacts	Spell	Spell
20245	Cards.Spell.ValknusSeal	ValknusSeal	Spell	Spell
20246	Cards.Spell.StoneToSpears	StoneToSpears	Spell	Spell
20247	Cards.Spell.TempestBBS	TempestBBS	Spell	Spell
20248	Cards.Spell.PhoenixFireBBS	PhoenixFireBBS	Spell	Spell
20249	Cards.Spell.LifeCoil	LifeCoil	Spell	Spell
20250	Cards.Spell.DragonBreath	DragonBreath	Spell	Spell
20251	Cards.Spell.DragonHeart	DragonHeart	Spell	Spell
20252	Cards.Spell.DragonGrace	DragonGrace	Spell	Spell
20253	Cards.Spell.SpawnNeutralEntity	SpawnNeutralEntity	Spell	Spell
20254	Cards.Spell.BloodOfAir	BloodOfAir	Spell	Spell
20255	Cards.Spell.AridUnmaking	AridUnmaking	Spell	Spell
20256	Cards.Spell.Joseki	Joseki	Spell	Spell
20257	Cards.Spell.DeathIncoming	DeathIncoming	Spell	Spell
20258	Cards.Spell.MoltenRebirth	MoltenRebirth	Spell	Spell
20259	Cards.Spell.MoltenRebirthFollowup	MoltenRebirthFollowup	Spell	Spell
20260	Cards.Spell.FollowupFight	FollowupFight	Spell	Spell
20261	Cards.Spell.ManaDeathgrip	ManaDeathgrip	Spell	Spell
20262	Cards.Spell.CataclysmicFault	CataclysmicFault	Spell	Spell
20263	Cards.Spell.BounceMinionSpawnEntity	BounceMinionSpawnEntity	Spell	Spell
20264	Cards.Spell.Doom	Doom	Spell	Spell
20265	Cards.Spell.Reassemble	Reassemble	Spell	Spell
20266	Cards.Spell.GlacialFissure	GlacialFissure	Spell	Spell
20267	Cards.Spell.TwilightReiki	TwilightReiki	Spell	Spell
20268	Cards.Spell.PrimalBallast	PrimalBallast	Spell	Spell
20269	Cards.Spell.Nethermeld	Nethermeld	Spell	Spell
20270	Cards.Spell.FollowupTeleportToFriendlyCreep	FollowupTeleportToFriendlyCreep	Spell	Spell
20271	Cards.Spell.ChokingTendrils	ChokingTendrils	Spell	Spell
20272	Cards.Spell.InklingSurge	InklingSurge	Spell	Spell
20273	Cards.Spell.Shadowstalk	Shadowstalk	Spell	Spell
20274	Cards.Spell.Congregation	Congregation	Spell	Spell
20275	Cards.Spell.Gotatsu	Gotatsu	Spell	Spell
20276	Cards.Spell.LuminousCharge	LuminousCharge	Spell	Spell
20277	Cards.Spell.CloneSourceEntity4X	CloneSourceEntity4X	Spell	Spell
20278	Cards.Spell.BoulderHurl	BoulderHurl	Spell	Spell
20279	Cards.Spell.Bombard	Bombard	Spell	Spell
20280	Cards.Spell.Sanctify	Sanctify	Spell	Spell
20281	Cards.Spell.ChanneledBreath	ChanneledBreath	Spell	Spell
20282	Cards.Spell.AperionsClaim	AperionsClaim	Spell	Spell
20283	Cards.Spell.Flicker	Flicker	Spell	Spell
20284	Cards.Spell.CorporealCadence	CorporealCadence	Spell	Spell
20285	Cards.Spell.ValeAscension	ValeAscension	Spell	Spell
20286	Cards.Spell.AzureSummoning	AzureSummoning	Spell	Spell
20287	Cards.Spell.FortifiedAssault	FortifiedAssault	Spell	Spell
20288	Cards.Spell.VaathsBrutality	VaathsBrutality	Spell	Spell
20289	Cards.Spell.VespyrianMight	VespyrianMight	Spell	Spell
20290	Cards.Spell.FirestormMantra	FirestormMantra	Spell	Spell
20291	Cards.Spell.EndureTheBeastlands	EndureTheBeastlands	Spell	Spell
20292	Cards.Spell.EvolutionaryApex	EvolutionaryApex	Spell	Spell
20293	Cards.Spell.FlawlessReflection	FlawlessReflection	Spell	Spell
20294	Cards.Spell.SpiralCounter	SpiralCounter	Spell	Spell
20295	Cards.Spell.SnowPatrol	SnowPatrol	Spell	Spell
20296	Cards.Spell.VerdentFulmination	VerdentFulmination	Spell	Spell
20297	Cards.Spell.BloodRage	BloodRage	Spell	Spell
20298	Cards.Spell.BlindingSnowstorm	BlindingSnowstorm	Spell	Spell
20299	Cards.Spell.SuperiorMirage	SuperiorMirage	Spell	Spell
20300	Cards.Spell.DropLift	DropLift	Spell	Spell
20301	Cards.Spell.KingsGuardBBS	KingsGuardBBS	Spell	Spell
20302	Cards.Spell.SwordsBBS	SwordsBBS	Spell	Spell
20303	Cards.Spell.SacrificeBBS	SacrificeBBS	Spell	Spell
20304	Cards.Spell.DebuffBBS	DebuffBBS	Spell	Spell
20305	Cards.Spell.EggBBS	EggBBS	Spell	Spell
20306	Cards.Spell.StunBBS	StunBBS	Spell	Spell
20307	Cards.Spell.SpellSword1	SpellSword1	Spell	Spell
20308	Cards.Spell.SpellSword2	SpellSword2	Spell	Spell
20309	Cards.Spell.SpellSword3	SpellSword3	Spell	Spell
20310	Cards.Spell.SpellSword4	SpellSword4	Spell	Spell
20311	Cards.Spell.SummonHusks	SummonHusks	Spell	Spell
20312	Cards.Spell.EmbryoticInsight	EmbryoticInsight	Spell	Spell
20313	Cards.Spell.KinematicProjection	KinematicProjection	Spell	Spell
20314	Cards.Spell.Thunderbomb	Thunderbomb	Spell	Spell
20315	Cards.Spell.IncreasingDominance	IncreasingDominance	Spell	Spell
20316	Cards.Spell.SteadfastFormation	SteadfastFormation	Spell	Spell
20317	Cards.Spell.Fealty	Fealty	Spell	Spell
20318	Cards.Spell.CallToArms	CallToArms	Spell	Spell
20319	Cards.Spell.EggGrenade	EggGrenade	Spell	Spell
20320	Cards.Spell.Sunstrike	Sunstrike	Spell	Spell
20321	Cards.Spell.Infest	Infest	Spell	Spell
20322	Cards.Spell.MonolithicVision	MonolithicVision	Spell	Spell
20323	Cards.Spell.AssassinationProtocol	AssassinationProtocol	Spell	Spell
20324	Cards.Spell.AspectOfBear	AspectOfBear	Spell	Spell
20325	Cards.Spell.Invincible	Invincible	Spell	Spell
20326	Cards.Spell.SeekerSquad	SeekerSquad	Spell	Spell
20327	Cards.Spell.Bamboozle	Bamboozle	Spell	Spell
20328	Cards.Spell.Substitution	Substitution	Spell	Spell
20329	Cards.Spell.EssenceSculpt	EssenceSculpt	Spell	Spell
20330	Cards.Spell.Wintertide	Wintertide	Spell	Spell
20331	Cards.Spell.Betrayal	Betrayal	Spell	Spell
20332	Cards.Spell.DauntlessAdvance	DauntlessAdvance	Spell	Spell
20333	Cards.Spell.Deathmark	Deathmark	Spell	Spell
20334	Cards.Spell.Vellumscry	Vellumscry	Spell	Spell
20335	Cards.Spell.BurdenOfKnowledge	BurdenOfKnowledge	Spell	Spell
20336	Cards.Spell.EqualityConstraint	EqualityConstraint	Spell	Spell
20337	Cards.Spell.Shatter	Shatter	Spell	Spell
20338	Cards.Spell.UpperHand	UpperHand	Spell	Spell
20339	Cards.Spell.SaurianFinality	SaurianFinality	Spell	Spell
20340	Cards.Spell.HorrificVisage	HorrificVisage	Spell	Spell
20341	Cards.Spell.MassFlight	MassFlight	Spell	Spell
20342	Cards.Spell.LostInTheDesert	LostInTheDesert	Spell	Spell
20343	Cards.Spell.Auroraboros	Auroraboros	Spell	Spell
20344	Cards.Spell.HomeostaticRebuke	HomeostaticRebuke	Spell	Spell
20345	Cards.Spell.ForgeArtifact	ForgeArtifact	Spell	Spell
20346	Cards.Spell.EffulgentInfusion	EffulgentInfusion	Spell	Spell
20347	Cards.Spell.CrystallineReinforcement	CrystallineReinforcement	Spell	Spell
20348	Cards.Spell.AbhorrentUnbirth	AbhorrentUnbirth	Spell	Spell
20349	Cards.Spell.MechProgress	MechProgress	Spell	Spell
20350	Cards.Spell.Neurolink	Neurolink	Spell	Spell
20351	Cards.Spell.FestiveSpirit	FestiveSpirit	Spell	Spell
20352	Cards.Spell.SnowballBBS	SnowballBBS	Spell	Spell
20353	Cards.Spell.SpellDuplicator	SpellDuplicator	Spell	Spell
20354	Cards.Spell.Kindle	Kindle	Spell	Spell
20355	Cards.Spell.DejaVu	DejaVu	Spell	Spell
20356	Cards.Spell.ShadowBlossom	ShadowBlossom	Spell	Spell
20357	Cards.Spell.IncreasingWinds	IncreasingWinds	Spell	Spell
20358	Cards.Spell.IncreasingHeal	IncreasingHeal	Spell	Spell
20359	Cards.Spell.EnterThunderdome	EnterThunderdome	Spell	Spell
20360	Cards.Spell.DivinestBonderest	DivinestBonderest	Spell	Spell
20361	Cards.Spell.Resilience	Resilience	Spell	Spell
20362	Cards.Spell.GoneWithTheWind	GoneWithTheWind	Spell	Spell
20363	Cards.Spell.SummoningStones	SummoningStones	Spell	Spell
20364	Cards.Spell.FollowupSpawnEntityFromDeck	FollowupSpawnEntityFromDeck	Spell	Spell
20365	Cards.Spell.BootyProjection	BootyProjection	Spell	Spell
20366	Cards.Spell.Rally	Rally	Spell	Spell
20367	Cards.Spell.Triggered	Triggered	Spell	Spell
20369	Cards.Spell.Spaghettify	Spaghettify	Spell	Spell
20370	Cards.Spell.BigTime	BigTime	Spell	Spell
20371	Cards.Spell.IceCapsule	IceCapsule	Spell	Spell
20373	Cards.Spell.GateToDudesHouse	GateToDudesHouse	Spell	Spell
20374	Cards.Spell.TickleTendril	TickleTendril	Spell	Spell
20375	Cards.Spell.OwnSideTeleport	OwnSideTeleport	Spell	Spell
20376	Cards.Spell.TwoForMe	TwoForMe	Spell	Spell
20377	Cards.Spell.HollowVortex	HollowVortex	Spell	Spell
20378	Cards.Spell.GrabAThing	GrabAThing	Spell	Spell
20380	Cards.Spell.EvilXerox	EvilXerox	Spell	Spell
20381	Cards.Spell.ThoughtExchange	ThoughtExchange	Spell	Spell
20382	Cards.Spell.Reggplicate	Reggplicate	Spell	Spell
20383	Cards.Spell.MarchOfTheBrontos	MarchOfTheBrontos	Spell	Spell
20384	Cards.Spell.ChargeIntoBattle	ChargeIntoBattle	Spell	Spell
20385	Cards.Spell.PandaJail	PandaJail	Spell	Spell
20386	Cards.Spell.Metalworking	Metalworking	Spell	Spell
20387	Cards.Spell.SpellDamageOrHeal	SpellDamageOrHeal	Spell	Spell
20388	Cards.Spell.BrilliantPlume	BrilliantPlume	Spell	Spell
20389	Cards.Spell.GreaterPhoenixFire	GreaterPhoenixFire	Spell	Spell
20390	Cards.Spell.YellRealLoud	YellRealLoud	Spell	Spell
20391	Cards.Spell.InfiniteHowlers	InfiniteHowlers	Spell	Spell
20392	Cards.Spell.OnceMoreWithProvoke	OnceMoreWithProvoke	Spell	Spell
20393	Cards.Spell.AspectOfIdentity	AspectOfIdentity	Spell	Spell
20394	Cards.Spell.CreepingFrost	CreepingFrost	Spell	Spell
30001	Cards.Artifact.IndomitableWill	IndomitableWill	Artifact	Artifact
30002	Cards.Artifact.SoulGrimwar	SoulGrimwar	Artifact	Artifact
30004	Cards.Artifact.SunstoneBracers	SunstoneBracers	Artifact	Artifact
30005	Cards.Artifact.HornOfTheForsaken	HornOfTheForsaken	Artifact	Artifact
30006	Cards.Artifact.StaffOfYKir	StaffOfYKir	Artifact	Artifact
30007	Cards.Artifact.MaskOfShadows	MaskOfShadows	Artifact	Artifact
30008	Cards.Artifact.AnkhFireNova	AnkhFireNova	Artifact	Artifact
30009	Cards.Artifact.MaskOfTranscendance	MaskOfTranscendance	Artifact	Artifact
30010	Cards.Artifact.MaskOfBloodLeech	MaskOfBloodLeech	Artifact	Artifact
30011	Cards.Artifact.PoisonHexblade	PoisonHexblade	Artifact	Artifact
30012	Cards.Artifact.AdamantineClaws	AdamantineClaws	Artifact	Artifact
30013	Cards.Artifact.PristineScale	PristineScale	Artifact	Artifact
30014	Cards.Artifact.SpectralBlade	SpectralBlade	Artifact	Artifact
30015	Cards.Artifact.Snowpiercer	Snowpiercer	Artifact	Artifact
30016	Cards.Artifact.Frostbiter	Frostbiter	Artifact	Artifact
30017	Cards.Artifact.TwinFang	TwinFang	Artifact	Artifact
30018	Cards.Artifact.ArclyteRegalia	ArclyteRegalia	Artifact	Artifact
30019	Cards.Artifact.Winterblade	Winterblade	Artifact	Artifact
30020	Cards.Artifact.GhostAzalea	GhostAzalea	Artifact	Artifact
30021	Cards.Artifact.WhiteAsp	WhiteAsp	Artifact	Artifact
30022	Cards.Artifact.Spinecleaver	Spinecleaver	Artifact	Artifact
30023	Cards.Artifact.CrescentSpear	CrescentSpear	Artifact	Artifact
30024	Cards.Artifact.DawnsEye	DawnsEye	Artifact	Artifact
30025	Cards.Artifact.MorinKhur	MorinKhur	Artifact	Artifact
30026	Cards.Artifact.GoldVitriol	GoldVitriol	Artifact	Artifact
30027	Cards.Artifact.MaskOfCelerity	MaskOfCelerity	Artifact	Artifact
30028	Cards.Artifact.GrowthBangle	GrowthBangle	Artifact	Artifact
30029	Cards.Artifact.Thunderclap	Thunderclap	Artifact	Artifact
30030	Cards.Artifact.AngryRebirthAmulet	AngryRebirthAmulet	Artifact	Artifact
30031	Cards.Artifact.ShatteringHeart	ShatteringHeart	Artifact	Artifact
30032	Cards.Artifact.HaloBulwark	HaloBulwark	Artifact	Artifact
30033	Cards.Artifact.EnergyAmulet	EnergyAmulet	Artifact	Artifact
30034	Cards.Artifact.Mindlathe	Mindlathe	Artifact	Artifact
30035	Cards.Artifact.TheDredger	TheDredger	Artifact	Artifact
30036	Cards.Artifact.OblivionSickle	OblivionSickle	Artifact	Artifact
30037	Cards.Artifact.EternalHeart	EternalHeart	Artifact	Artifact
30038	Cards.Artifact.OrnateHiogi	OrnateHiogi	Artifact	Artifact
30039	Cards.Artifact.FurorChakram	FurorChakram	Artifact	Artifact
30040	Cards.Artifact.AnimusPlate	AnimusPlate	Artifact	Artifact
30041	Cards.Artifact.NeutralRelic	NeutralRelic	Artifact	Artifact
30042	Cards.Artifact.LyonarRelic	LyonarRelic	Artifact	Artifact
30043	Cards.Artifact.SonghaiRelic	SonghaiRelic	Artifact	Artifact
30044	Cards.Artifact.VetruvianRelic	VetruvianRelic	Artifact	Artifact
30045	Cards.Artifact.AbyssianRelic	AbyssianRelic	Artifact	Artifact
30046	Cards.Artifact.MagmarRelic	MagmarRelic	Artifact	Artifact
30047	Cards.Artifact.VanarRelic	VanarRelic	Artifact	Artifact
30048	Cards.Artifact.SunbondPavise	SunbondPavise	Artifact	Artifact
30049	Cards.Artifact.RageReactor	RageReactor	Artifact	Artifact
30050	Cards.Artifact.IrisBarrier	IrisBarrier	Artifact	Artifact
30051	Cards.Artifact.WraithlingAmulet	WraithlingAmulet	Artifact	Artifact
30052	Cards.Artifact.BackstabGloves	BackstabGloves	Artifact	Artifact
30053	Cards.Artifact.TwoHander	TwoHander	Artifact	Artifact
30054	Cards.Artifact.RepairSword	RepairSword	Artifact	Artifact
30055	Cards.Artifact.EggArmor	EggArmor	Artifact	Artifact
30056	Cards.Artifact.SnowChipper	SnowChipper	Artifact	Artifact
40001	Cards.Tile.BonusMana	BonusMana	Tile	Tile
40003	Cards.Tile.Wall	Wall	Tile	Tile
40004	Cards.Tile.Shadow	Shadow	Tile	Tile
40005	Cards.Tile.Hallowed	Hallowed	Tile	Tile
40006	Cards.Tile.SandPortal	SandPortal	Tile	Tile
40007	Cards.Tile.PrimalMojo	PrimalMojo	Tile	Tile
40008	Cards.Tile.FrostfireChest	FrostfireChest	Tile	Tile
100001	Cards.Tutorial.TutorialLion	TutorialLion	Tutorial	Tutorial
100002	Cards.Tutorial.TutorialGuardian	TutorialGuardian	Tutorial	Tutorial
100003	Cards.Tutorial.TutorialBrawler	TutorialBrawler	Tutorial	Tutorial
100009	Cards.Tutorial.TutorialKolossus	TutorialKolossus	Tutorial	Tutorial
100014	Cards.Tutorial.TutorialRepulsor	TutorialRepulsor	Tutorial	Tutorial
100019	Cards.Tutorial.TutorialVox	TutorialVox	Tutorial	Tutorial
100020	Cards.Tutorial.TutorialGro	TutorialGro	Tutorial	Tutorial
100026	Cards.Tutorial.TutorialGeneral	TutorialGeneral	Tutorial	Tutorial
100027	Cards.Tutorial.TutorialOpponentGeneral1	TutorialOpponentGeneral1	Tutorial	Tutorial
100028	Cards.Tutorial.TutorialThornNeedler	TutorialThornNeedler	Tutorial	Tutorial
100029	Cards.Tutorial.TutorialSkyrockGolem	TutorialSkyrockGolem	Tutorial	Tutorial
100030	Cards.Tutorial.TutorialBloodshardGolem	TutorialBloodshardGolem	Tutorial	Tutorial
100031	Cards.Tutorial.TutorialBrightmossGolem	TutorialBrightmossGolem	Tutorial	Tutorial
100032	Cards.Tutorial.TutorialIceGolem	TutorialIceGolem	Tutorial	Tutorial
100033	Cards.Tutorial.TutorialStormmetalGolem	TutorialStormmetalGolem	Tutorial	Tutorial
100034	Cards.Tutorial.TutorialOpponentGeneral2	TutorialOpponentGeneral2	Tutorial	Tutorial
100036	Cards.Tutorial.TutorialSaberspineTiger	TutorialSaberspineTiger	Tutorial	Tutorial
100039	Cards.Tutorial.TutorialRookie	TutorialRookie	Tutorial	Tutorial
100040	Cards.Tutorial.TutorialDragoneboneGolem	TutorialDragoneboneGolem	Tutorial	Tutorial
100042	Cards.Tutorial.TutorialOpponentGeneral4	TutorialOpponentGeneral4	Tutorial	Tutorial
100044	Cards.Tutorial.TutorialSignatureGeneral	TutorialSignatureGeneral	Tutorial	Tutorial
100045	Cards.Tutorial.TutorialAdept	TutorialAdept	Tutorial	Tutorial
120013	Cards.TutorialSpell.TutorialPlayerTrueStrike	TutorialPlayerTrueStrike	TutorialSpell	Tutorial
120014	Cards.TutorialSpell.TutorialFireOrb	TutorialFireOrb	TutorialSpell	Tutorial
120015	Cards.TutorialSpell.TutorialFrozenFinisher	TutorialFrozenFinisher	TutorialSpell	Tutorial
130002	Cards.TutorialArtifact.TutorialSunstoneBracers	TutorialSunstoneBracers	TutorialArtifact	Tutorial
200001	Cards.Boss.Boss1	Boss1	Boss	Boss
200002	Cards.Boss.Boss2	Boss2	Boss	Boss
200003	Cards.Boss.Boss3	Boss3	Boss	Boss
200004	Cards.Boss.Boss4	Boss4	Boss	Boss
200005	Cards.Boss.Boss5	Boss5	Boss	Boss
200006	Cards.Boss.Boss6	Boss6	Boss	Boss
200007	Cards.Boss.Boss7	Boss7	Boss	Boss
200008	Cards.Boss.Boss8	Boss8	Boss	Boss
200009	Cards.Boss.Boss9	Boss9	Boss	Boss
200010	Cards.Boss.Boss10	Boss10	Boss	Boss
200011	Cards.Boss.Boss11	Boss11	Boss	Boss
200012	Cards.Boss.Boss12	Boss12	Boss	Boss
200013	Cards.Boss.Boss13	Boss13	Boss	Boss
200014	Cards.Boss.Boss14	Boss14	Boss	Boss
200015	Cards.Boss.Boss15	Boss15	Boss	Boss
200016	Cards.Boss.Boss16	Boss16	Boss	Boss
200017	Cards.Boss.Boss17	Boss17	Boss	Boss
200018	Cards.Boss.Boss18	Boss18	Boss	Boss
200019	Cards.Boss.Boss19	Boss19	Boss	Boss
200020	Cards.Boss.Boss20	Boss20	Boss	Boss
200021	Cards.Boss.Boss21	Boss21	Boss	Boss
200022	Cards.Boss.Boss22	Boss22	Boss	Boss
200023	Cards.Boss.Boss23	Boss23	Boss	Boss
200024	Cards.Boss.Boss24	Boss24	Boss	Boss
200025	Cards.Boss.Boss25	Boss25	Boss	Boss
200026	Cards.Boss.Boss26	Boss26	Boss	Boss
200027	Cards.Boss.Boss27	Boss27	Boss	Boss
200028	Cards.Boss.Boss28	Boss28	Boss	Boss
200029	Cards.Boss.Boss29	Boss29	Boss	Boss
200030	Cards.Boss.Boss30	Boss30	Boss	Boss
200031	Cards.Boss.Boss31	Boss31	Boss	Boss
200032	Cards.Boss.Boss32	Boss32	Boss	Boss
200033	Cards.Boss.Boss33	Boss33	Boss	Boss
200034	Cards.Boss.Boss34	Boss34	Boss	Boss
200035	Cards.Boss.Boss35	Boss35	Boss	Boss
200036	Cards.Boss.Boss36	Boss36	Boss	Boss
200037	Cards.Boss.Boss37	Boss37	Boss	Boss
200038	Cards.Boss.Boss38	Boss38	Boss	Boss
200039	Cards.Boss.FrostfireImp	FrostfireImp	Boss	Boss
200040	Cards.Boss.FrostfireSnowchaser	FrostfireSnowchaser	Boss	Boss
200041	Cards.Boss.FrostfireTiger	FrostfireTiger	Boss	Boss
200103	Cards.Boss.QABoss3	QABoss3	Boss	Boss
200106	Cards.Boss.Boss6Wings	Boss6Wings	Boss	Boss
200109	Cards.Boss.Boss9Clone	Boss9Clone	Boss	Boss
200112	Cards.Boss.Boss12Idol	Boss12Idol	Boss	Boss
200124	Cards.Boss.Boss24Valiant	Boss24Valiant	Boss	Boss
200126	Cards.Boss.Boss26Companion	Boss26Companion	Boss	Boss
200131	Cards.Boss.Boss31Treat1	Boss31Treat1	Boss	Boss
200133	Cards.Boss.Boss33_1	Boss33_1	Boss	Boss
200206	Cards.Boss.Boss6Chassis	Boss6Chassis	Boss	Boss
200231	Cards.Boss.Boss31Treat2	Boss31Treat2	Boss	Boss
200232	Cards.Boss.Boss32_2	Boss32_2	Boss	Boss
200233	Cards.Boss.Boss33_2	Boss33_2	Boss	Boss
200234	Cards.Boss.Boss34_2	Boss34_2	Boss	Boss
200236	Cards.Boss.Boss36_2	Boss36_2	Boss	Boss
200306	Cards.Boss.Boss6Sword	Boss6Sword	Boss	Boss
200331	Cards.Boss.Boss31Treat3	Boss31Treat3	Boss	Boss
200333	Cards.Boss.Boss33_3	Boss33_3	Boss	Boss
200336	Cards.Boss.Boss36_3	Boss36_3	Boss	Boss
200406	Cards.Boss.Boss6Helm	Boss6Helm	Boss	Boss
200431	Cards.Boss.Boss31Haunt1	Boss31Haunt1	Boss	Boss
200433	Cards.Boss.Boss33_4	Boss33_4	Boss	Boss
200506	Cards.Boss.Boss6Prime	Boss6Prime	Boss	Boss
200531	Cards.Boss.Boss31Haunt2	Boss31Haunt2	Boss	Boss
200631	Cards.Boss.Boss31Haunt3	Boss31Haunt3	Boss	Boss
240001	Cards.BossArtifact.CycloneGenerator	CycloneGenerator	BossArtifact	Boss
240002	Cards.BossArtifact.FrostArmor	FrostArmor	BossArtifact	Boss
240003	Cards.BossArtifact.FlyingBells	FlyingBells	BossArtifact	Boss
240004	Cards.BossArtifact.Coal	Coal	BossArtifact	Boss
240005	Cards.BossArtifact.CostReducer	CostReducer	BossArtifact	Boss
240006	Cards.BossArtifact.Snowball	Snowball	BossArtifact	Boss
250001	Cards.BossSpell.HolidayGift	HolidayGift	BossSpell	Boss
250002	Cards.BossSpell.LaceratingFrost	LaceratingFrost	BossSpell	Boss
250003	Cards.BossSpell.EntanglingShadow	EntanglingShadow	BossSpell	Boss
250004	Cards.BossSpell.LivingFlame	LivingFlame	BossSpell	Boss
250005	Cards.BossSpell.MoldingEarth	MoldingEarth	BossSpell	Boss
250006	Cards.BossSpell.EtherealWind	EtherealWind	BossSpell	Boss
250007	Cards.BossSpell.RestoringLight	RestoringLight	BossSpell	Boss
250008	Cards.BossSpell.AncientKnowledge	AncientKnowledge	BossSpell	Boss
