modifier	fx_identifier
modifierATKThresholdDie	FX.Modifiers.ModifierBuffSelfOnReplace
modifierAbsorbDamage	FX.Modifiers.ModifierAbsorbDamage
modifierAbsorbDamageGolems	FX.Modifiers.ModifierAbsorbDamageGolems
modifierAirdrop	FX.Modifiers.ModifierAirdrop
modifierAlwaysBackstabbed	FX.Modifiers.ModifierAlwaysBackstabbed
modifierAlwaysInfiltrated	FX.Modifiers.ModifierAlwaysInfiltrated
modifierAntiMagicField	FX.Modifiers.ModifierAntiMagicField
modifierAnyDrawCardWatch	FX.Modifiers.ModifierAnyDrawCardWatch
modifierAnyDrawCardWatchBuffSelf	FX.Modifiers.ModifierDrawCardWatch
modifierAnyDrawCardWatchBuffSelf	FX.Modifiers.ModifierGenericBuff
modifierAnyMinionHealWatch	FX.Modifiers.ModifierHealWatch
modifierAnySummonWatch	FX.Modifiers.ModifierAnySummonWatch
modifierAnySummonWatchFromActionBar	FX.Modifiers.ModifierAnySummonWatchFromActionBar
modifierAnySummonWatchFromActionBarApplyModifiersToSelf	FX.Modifiers.ModifierSummonWatch
modifierAnySummonWatchFromActionBarApplyModifiersToSelf	FX.Modifiers.ModifierGenericBuff
modifierApplyMinionToBoardWatch	FX.Modifiers.ModifierApplyMinionToBoardWatch
modifierApplyMinionToBoardWatchApplyModifiersToTarget	FX.Modifiers.ModifierApplyMinionToBoardWatch
modifierApplyMinionToBoardWatchApplyModifiersToTarget	FX.Modifiers.ModifierGenericBuff
modifierAttackEqualsHealth	FX.Modifiers.ModifierAttackEqualsHealth
modifierAttacksDealNoDamage	FX.Modifiers.ModifierAttacksDealNoDamage
modifierAuraAboveAndBelow	FX.Modifiers.ModifierAuraAboveAndBelow
modifierBackstab	FX.Modifiers.ModifierBackstab
modifierBanded	FX.Modifiers.ModifierZealed
modifierBandedDoubleAttack	FX.Modifiers.ModifierZealed
modifierBandedDoubleAttack	FX.Modifiers.ModifierZealedDoubleAttack
modifierBandedFlying	FX.Modifiers.ModifierZealed
modifierBandedHeal	FX.Modifiers.ModifierZealed
modifierBandedHeal	FX.Modifiers.ModifierZealedHeal
modifierBandedRanged	FX.Modifiers.ModifierZealed
modifierBandedRanged	FX.Modifiers.ModifierZealedRanged
modifierBanding	FX.Modifiers.ModifierZeal
modifierBandingApplyModifiers	FX.Modifiers.ModifierZeal
modifierBandingAttack	FX.Modifiers.ModifierZeal
modifierBandingAttack	FX.Modifiers.ModifierZealAttack
modifierBandingAttackAndHealth	FX.Modifiers.ModifierZeal
modifierBandingAttackAndHealth	FX.Modifiers.ModifierZealAttackAndHealth
modifierBandingChangeCardDraw	FX.Modifiers.ModifierZeal
modifierBandingChangeCardDraw	FX.Modifiers.ModifierZealHeal
modifierBandingDealDamageWatchDrawCard	FX.Modifiers.ModifierZeal
modifierBandingDoubleAttack	FX.Modifiers.ModifierZeal
modifierBandingDoubleAttack	FX.Modifiers.ModifierZealDoubleAttack
modifierBandingFlying	FX.Modifiers.ModifierZeal
modifierBandingFlying	FX.Modifiers.ModifierFlying
modifierBandingHeal	FX.Modifiers.ModifierZeal
modifierBandingHeal	FX.Modifiers.ModifierZealHeal
modifierBandingHealSelfAndGeneral	FX.Modifiers.ModifierZeal
modifierBandingHealSelfAndGeneral	FX.Modifiers.ModifierZealHeal
modifierBandingRanged	FX.Modifiers.ModifierZeal
modifierBandingRanged	FX.Modifiers.ModifierZealRanged
modifierBelongsToAllRaces	FX.Modifiers.ModifierBelongsToAllRaces
modifierBlastAttack	FX.Modifiers.ModifierBlast
modifierBond	FX.Modifiers.ModifierBond
modifierBondApplyModifiers	FX.Modifiers.ModifierOpeningGambit
modifierBondApplyModifiers	FX.Modifiers.ModifierGenericBuff
modifierBondApplyModifiersByRaceId	FX.Modifiers.ModifierOpeningGambit
modifierBondApplyModifiersByRaceId	FX.Modifiers.ModifierGenericBuff
modifierBondDrawCards	FX.Modifiers.ModifierBond
modifierBondHealMyGeneral	FX.Modifiers.ModifierBond
modifierBondPutCardsInHand	FX.Modifiers.ModifierBond
modifierBondSpawnEntity	FX.Modifiers.ModifierGenericSpawn
modifierBuffSelfOnReplace	FX.Modifiers.ModifierBuffSelfOnReplace
modifierBuild	FX.Modifiers.ModifierPortal
modifierBuildWatch	FX.Modifiers.ModifierBuildWatch
modifierBuilding	FX.Modifiers.Modifierbuilding
modifierCannot	FX.Modifiers.ModifierCannot
modifierCannotAttackGeneral	FX.Modifiers.ModifierCannotAttackGeneral
modifierCannotBeReplaced	FX.Modifiers.ModifierCannotBeReplaced
modifierCannotCastBBS	FX.Modifiers.ModifierCannotCastSpellsByCost
modifierCannotCastSpellsByCost	FX.Modifiers.ModifierCannotCastSpellsByCost
modifierCollectable	FX.Modifiers.ModifierCollectable
modifierCollectableBonusMana	FX.Modifiers.ModifierCollectibleBonusMana
modifierCollectableCard	FX.Modifiers.ModifierCollectableCard
modifierCustomSpawn	FX.Modifiers.ModifierCustomSpawn
modifierCustomSpawnOnOtherUnit	FX.Modifiers.ModifierCustomSpawn
modifierDamageBothGeneralsOnReplace	FX.Modifiers.ModifierBuffSelfOnReplace
modifierDamageGeneralOnAttack	FX.Modifiers.ModifierDamageGeneralOnAttack
modifierDealDamageWatch	FX.Modifiers.ModifierDealDamageWatch
modifierDealDamageWatchBuffSelf	FX.Modifiers.ModifierDeathwatch
modifierDealDamageWatchBuffSelf	FX.Modifiers.ModifierGenericBuff
modifierDealDamageWatchDamageJoinedEnemies	FX.Modifiers.ModifierGenericChainLightning
modifierDealDamageWatchHealMyGeneral	FX.Modifiers.ModifierDealDamageWatch
modifierDealDamageWatchHealMyGeneral	FX.Modifiers.ModifierGenericHeal
modifierDealDamageWatchHealorDamageGeneral	FX.Modifiers.ModifierDealDamageWatch
modifierDealDamageWatchIfMinionHealMyGeneral	FX.Modifiers.ModifierDealDamageWatch
modifierDealDamageWatchIfMinionHealMyGeneral	FX.Modifiers.ModifierGenericHeal
modifierDealDamageWatchKillNeutralTarget	FX.Modifiers.ModifierDealDamageWatch
modifierDealDamageWatchKillNeutralTarget	FX.Modifiers.ModifierGenericKill
modifierDealDamageWatchKillTarget	FX.Modifiers.ModifierDealDamageWatch
modifierDealDamageWatchKillTarget	FX.Modifiers.ModifierGenericKill
modifierDealDamageWatchKillTargetAndSelf	FX.Modifiers.ModifierDealDamageWatch
modifierDealDamageWatchKillTargetAndSelf	FX.Modifiers.ModifierGenericKill
modifierDealDamageWatchModifyTarget	FX.Modifiers.ModifierDealDamageWatch
modifierDealDamageWatchModifyTarget	FX.Modifiers.ModifierGenericBuff
modifierDealDamageWatchSpawnEntity	FX.Modifiers.ModifierDealDamageWatch
modifierDealDamageWatchSpawnEntity	FX.Modifiers.ModifierGenericSpawn
modifierDealOrTakeDamageWatch	FX.Modifiers.ModifierDealDamageWatch
modifierDeathWatch	FX.Modifiers.ModifierDeathwatch
modifierDeathWatchBuffMinionsInHand	FX.Modifiers.ModifierDeathwatch
modifierDeathWatchBuffMinionsInHand	FX.Modifiers.ModifierGenericBuff
modifierDeathWatchBuffRandomMinionInHand	FX.Modifiers.ModifierDeathwatch
modifierDeathWatchBuffRandomMinionInHand	FX.Modifiers.ModifierGenericBuff
modifierDeathWatchBuffSelf	FX.Modifiers.ModifierDeathwatch
modifierDeathWatchBuffSelf	FX.Modifiers.ModifierGenericBuff
modifierDeathWatchDamageEnemyGeneralHealMyGeneral	FX.Modifiers.ModifierDeathwatch
modifierDeathWatchDamageEnemyGeneralHealMyGeneral	FX.Modifiers.ModifierGenericChain
modifierDeathWatchDamageRandomMinionHealMyGeneral	FX.Modifiers.ModifierDeathwatch
modifierDeathWatchDamageRandomMinionHealMyGeneral	FX.Modifiers.ModifierGenericChain
modifierDeathWatchDrawToXCards	FX.Modifiers.ModifierDeathwatch
modifierDeathWatchFriendlyMinionSwapAllegiance	FX.Modifiers.ModifierDeathwatch
modifierDeathWatchFriendlyMinionSwapAllegiance	FX.Modifiers.ModifierGenericChain
modifierDeathWatchGainAttackEqualToEnemyAttack	FX.Modifiers.ModifierDeathwatch
modifierDeathWatchGainAttackEqualToEnemyAttack	FX.Modifiers.ModifierGenericChain
modifierDeathWatchSpawnEntity	FX.Modifiers.ModifierDeathWatch
modifierDeathWatchSpawnEntity	FX.Modifiers.ModifierGenericSpawn
modifierDeathWatchSpawnRandomDemon	FX.Modifiers.ModifierDeathWatch
modifierDeathWatchSpawnRandomDemon	FX.Modifiers.ModifierGenericSpawn
modifierDestroyAtEndOfTurn	FX.Modifiers.ModifierDestroyAtEndOfTurn
modifierDieSpawnNewGeneral	FX.Modifiers.ModifierSecondWind
modifierDoomed	FX.Modifiers.ModifierDoomed
modifierDoomed2	FX.Modifiers.ModifierDoomed2
modifierDoomed3	FX.Modifiers.ModifierDoomed3
modifierDoubleAttackStat	FX.Modifiers.ModifierGenericBuff
modifierDoubleDamageToEnemyMinions	FX.Modifiers.ModifierDoubleDamageToEnemyMinions
modifierDoubleDamageToGenerals	FX.Modifiers.ModifierDoubleDamageToGenerals
modifierDoubleDamageToMinions	FX.Modifiers.ModifierDoubleDamageToMinions
modifierDoubleDamageToStunnedEnemies	FX.Modifiers.ModifierDoubleDamageToEnemyMinions
modifierDoubleHealthStat	FX.Modifiers.ModifierGenericBuff
modifierDrawCardWatch	FX.Modifiers.ModifierDrawCardWatch
modifierDrawCardWatchBuffSelf	FX.Modifiers.ModifierDrawCardWatch
modifierDrawCardWatchBuffSelf	FX.Modifiers.ModifierGenericBuff
modifierDrawCardWatchCopySpell	FX.Modifiers.ModifierDrawCardWatch
modifierDyingWish	FX.Modifiers.ModifierDyingWish
modifierDyingWishApplyModifiers	FX.Modifiers.ModifierDyingWish
modifierDyingWishApplyModifiers	FX.Modifiers.ModifierGenericBuff
modifierDyingWishApplyModifiersRandomly	FX.Modifiers.ModifierDyingWish
modifierDyingWishApplyModifiersRandomly	FX.Modifiers.ModifierGenericBuff
modifierDyingWishApplyModifiersToGenerals	FX.Modifiers.ModifierDyingWish
modifierDyingWishApplyModifiersToGenerals	FX.Modifiers.ModifierGenericBuff
modifierDyingWishBuffEnemyGeneral	FX.Modifiers.ModifierDyingWish
modifierDyingWishBuffEnemyGeneral	FX.Modifiers.ModifierGenericDamage
modifierDyingWishCorpseCombustion	FX.Modifiers.ModifierDyingWish
modifierDyingWishCorpseCombustion	FX.Modifiers.ModifierGenericSpawn
modifierDyingWishCorpseCombustion	FX.Modifiers.ModifierGenericDamage
modifierDyingWishDamageEnemyGeneralHealGeneral	FX.Modifiers.ModifierDyingWish
modifierDyingWishDamageEnemyGeneralHealGeneral	FX.Modifiers.ModifierGenericChain
modifierDyingWishDamageGeneral	FX.Modifiers.ModifierDyingWish
modifierDyingWishDamageGeneral	FX.Modifiers.ModifierGenericDamage
modifierDyingWishDamageNearbyAllies	FX.Modifiers.ModifierDyingWishDamageNearbyAllies
modifierDyingWishDamageNearbyAllies	FX.Modifiers.ModifierGenericDamageNearbyShadow
modifierDyingWishDamageNearbyEnemies	FX.Modifiers.ModifierDyingWishDamageNearbyAllies
modifierDyingWishDamageNearbyEnemies	FX.Modifiers.ModifierGenericDamage
modifierDyingWishDestroyManaCrystal	FX.Modifiers.ModifierDyingWish
modifierDyingWishDispelAllEnemyMinions	FX.Modifiers.ModifierDyingWish
modifierDyingWishDispelAllEnemyMinions	FX.Modifiers.ModifierGenericBuff
modifierDyingWishDispelNearestEnemy	FX.Modifiers.ModifierDyingWish
modifierDyingWishDrawMechazorCard	FX.Modifiers.ModifierOpeningGambit
modifierDyingWishDrawRandomBattlePet	FX.Modifiers.ModifierDyingWish
modifierDyingWishDrawWishCard	FX.Modifiers.ModifierOpeningGambit
modifierDyingWishGoldenGuide	FX.Modifiers.ModifierDyingWish
modifierDyingWishInfest	FX.Modifiers.ModifierInfest
modifierDyingWishInfest	FX.Modifiers.ModifierGenericChain
modifierDyingWishLoseGame	FX.Modifiers.ModifierDyingWish
modifierDyingWishLoseGame	FX.Modifiers.ModifierGenericDamage
modifierDyingWishReSpawnEntityAnywhere	FX.Modifiers.ModifierDyingWish
modifierDyingWishReSpawnEntityAnywhere	FX.Modifiers.ModifierGenericSpawn
modifierDyingWishReduceManaCostOfDyingWish	FX.Modifiers.ModifierDyingWish
modifierDyingWishRespawnEntity	FX.Modifiers.ModifierDyingWish
modifierDyingWishRespawnEntity	FX.Modifiers.ModifierGenericSpawn
modifierDyingWishSpawnEgg	FX.Modifiers.ModifierRebirth
modifierDyingWishSpawnEntity	FX.Modifiers.ModifierDyingWish
modifierDyingWishSpawnEntity	FX.Modifiers.ModifierGenericSpawn
modifierDyingWishSpawnEntityAnywhere	FX.Modifiers.ModifierDyingWish
modifierDyingWishSpawnEntityAnywhere	FX.Modifiers.ModifierGenericSpawn
modifierDyingWishSpawnEntityInCorner	FX.Modifiers.ModifierDyingWish
modifierDyingWishSpawnEntityInCorner	FX.Modifiers.ModifierGenericSpawn
modifierDyingWishSpawnEntityNearbyGeneral	FX.Modifiers.ModifierDyingWish
modifierDyingWishSpawnEntityNearbyGeneral	FX.Modifiers.ModifierGenericSpawn
modifierDyingWishSpawnTile	FX.Modifiers.ModifierDyingWish
modifierDyingWishSpawnTile	FX.Modifiers.ModifierGenericSpawn
modifierDyingWishSpawnTileAnywhere	FX.Modifiers.ModifierDyingWish
modifierDyingWishSpawnTileAnywhere	FX.Modifiers.ModifierGenericSpawn
modifierDyingWishSpawnTribal	FX.Modifiers.ModifierDyingWish
modifierDyingWishSpawnTribal	FX.Modifiers.ModifierGenericSpawn
modifierDyingWishSpawnUnitFromOpponentsDeck	FX.Modifiers.ModifierDyingWish
modifierDyingWishSpawnUnitFromOpponentsDeck	FX.Modifiers.ModifierGenericSpawn
modifierDyingWishTransformRandomMinion	FX.Modifiers.ModifierDyingWish
modifierDyingWishTransformRandomMinion	FX.Modifiers.ModifierGenericBuff
modifierDyingWishXho	FX.Modifiers.ModifierOpeningGambit
modifierEgg	FX.Modifiers.ModifierEgg
modifierElkowl	FX.Modifiers.ModifierGenericBuff
modifierEndEveryTurnWatch	FX.Modifiers.ModifierEndEveryTurnWatch
modifierEndEveryTurnWatchDamageOwner	FX.Modifiers.ModifierEndTurnWatch
modifierEndEveryTurnWatchDamageOwner	FX.Modifiers.ModifierGenericDamageEnergySmall
modifierEndTurnWatch	FX.Modifiers.ModifierEndTurnWatch
modifierEndTurnWatchAnyPlayer	FX.Modifiers.ModifierEndTurnWatch
modifierEndTurnWatchAnyPlayerHsuku	FX.Modifiers.ModifierGenericBuff
modifierEndTurnWatchApplyModifiers	FX.Modifiers.ModifierEndTurnWatch
modifierEndTurnWatchApplyModifiers	FX.Modifiers.ModifierGenericBuff
modifierEndTurnWatchApplyModifiersRandomly	FX.Modifiers.ModifierOpeningGambit
modifierEndTurnWatchApplyModifiersRandomly	FX.Modifiers.ModifierGenericBuff
modifierEndTurnWatchDamageAllMinions	FX.Modifiers.ModifierEndTurnWatch
modifierEndTurnWatchDamageAllMinions	FX.Modifiers.ModifierGenericChainLightning
modifierEndTurnWatchDamageNearbyEnemy	FX.Modifiers.ModifierEndTurnWatch
modifierEndTurnWatchDamageNearbyEnemy	FX.Modifiers.ModifierGenericDamageNearby
modifierEndTurnWatchDamagePlayerBasedOnRemainingMana	FX.Modifiers.ModifierEndTurnWatch
modifierEndTurnWatchDamagePlayerBasedOnRemainingMana	FX.Modifiers.ModifierExplosionsNearby
modifierEndTurnWatchDealDamageToSelfAndNearbyEnemies	FX.Modifiers.ModifierEndTurnWatch
modifierEndTurnWatchDealDamageToSelfAndNearbyEnemies	FX.Modifiers.ModifierExplosionsNearby
modifierEndTurnWatchGainLastSpellPlayedThisTurn	FX.Modifiers.ModifierEndTurnWatch
modifierEndTurnWatchGainTempBuff	FX.Modifiers.ModifierEndTurnWatch
modifierEndTurnWatchHealNearby	FX.Modifiers.ModifierEndTurnWatch
modifierEndTurnWatchHealNearby	FX.Modifiers.ModifierGenericHeal
modifierEndTurnWatchHealSelf	FX.Modifiers.ModifierEndTurnWatch
modifierEndTurnWatchHealSelf	FX.Modifiers.ModifierGenericHeal
modifierEndTurnWatchHealSelfAndGeneral	FX.Modifiers.ModifierEndTurnWatch
modifierEndTurnWatchHealSelfAndGeneral	FX.Modifiers.ModifierGenericHeal
modifierEndTurnWatchHsuku	FX.Modifiers.ModifierGenericBuff
modifierEndTurnWatchSpawnEgg	FX.Modifiers.ModifierStartTurnWatch
modifierEndTurnWatchSpawnEgg	FX.Modifiers.ModifierGenericSpawn
modifierEndTurnWatchSpawnEntity	FX.Modifiers.ModifierEndTurnWatch
modifierEndTurnWatchSpawnEntity	FX.Modifiers.ModifierGenericSpawn
modifierEndTurnWatchSpawnTile	FX.Modifiers.ModifierEndTurnWatch
modifierEndTurnWatchSpawnTile	FX.Modifiers.ModifierGenericSpawn
modifierEndTurnWatchSwapAllegiance	FX.Modifiers.ModifierEndTurnWatch
modifierEndTurnWatchTeleportCorner	FX.Modifiers.ModifierEndTurnWatch
modifierEndTurnWatchTransformNearbyEnemies	FX.Modifiers.ModifierEndTurnWatch
modifierEnemyCannotCastBBS	FX.Modifiers.ModifierCannotCastSpellsByCost
modifierEnemyCannotHeal	FX.Modifiers.ModifierEnemyCannotHeal
modifierEnemyGeneralAttackWatch	FX.Modifiers.ModifierEnemyMinionAttackWatch
modifierEnemyGeneralAttackedWatch	FX.Modifiers.ModifierEnemyMinionAttackWatch
modifierEnemyMinionAttackWatch	FX.Modifiers.ModifierEnemyMinionAttackWatch
modifierEnemyMinionAttackWatchGainKeyword	FX.Modifiers.ModifierEnemyMinionAttackWatch
modifierEnemyMinionAttackWatchGainKeyword	FX.Modifiers.ModifierGenericBuff
modifierEnemySpellWatch	FX.Modifiers.ModifierSpellWatch
modifierEnemySpellWatchBuffSelf	FX.Modifiers.ModifierSpellWatch
modifierEnemySpellWatchBuffSelf	FX.Modifiers.ModifierGenericBuff
modifierEnemySpellWatchCopySpell	FX.Modifiers.ModifierSpellWatch
modifierEnemySpellWatchFromHand	FX.Modifiers.ModifierSpellWatch
modifierEnemySpellWatchGainRandomKeyword	FX.Modifiers.ModifierGenericBuff
modifierEnemySpellWatchHealMyGeneral	FX.Modifiers.ModifierSpellWatch
modifierEnemySpellWatchHealMyGeneral	FX.Modifiers.ModifierGenericHeal
modifierEnemySpellWatchPutCardInHand	FX.Modifiers.ModifierSpellWatch
modifierEnemyStunWatch	FX.Modifiers.ModifierSpellWatch
modifierEnemyStunWatchDamageNearbyEnemies	FX.Modifiers.ModifierMyMoveWatch
modifierEnemyStunWatchFullyHeal	FX.Modifiers.ModifierSummonWatch
modifierEnemyStunWatchTransformThis	FX.Modifiers.ModifierSummonWatch
modifierEnemyTakeDamageWatch	FX.Modifiers.ModifierEnemyTakeDamageWatch
modifierEnemyTakeDamageWatchHealMyGeneral	FX.Modifiers.ModifierEnemyTakeDamageWatchHealMyGeneral
modifierEnemyTeamMoveWatch	FX.Modifiers.ModifierMyMoveWatch
modifierEnemyTeamMoveWatchSummonEntityBehind	FX.Modifiers.ModifierMyTeamMoveWatch
modifierEnemyTeamMoveWatchSummonEntityBehind	FX.Modifiers.ModifierGenericBuff
modifierEphemeral	FX.Modifiers.ModifierEphemeral
modifierEquipFriendlyArtifactWatch	FX.Modifiers.ModifierMyMoveWatch
modifierEquipFriendlyArtifactWatchGainAttackEqualToCost	FX.Modifiers.ModifierGenericBuff
modifierEternalHeart	FX.Modifiers.EternalHeart
modifierExtraDamageOnCounterattack	FX.Modifiers.ModifierDealDamageWatch
modifierFate	FX.Modifiers.ModifierFate
modifierFirstBlood	FX.Modifiers.ModifierFirstBlood
modifierFlying	FX.Modifiers.ModifierFlying
modifierForcefield	FX.Modifiers.ModifierForcefield
modifierForcefieldAbsorb	FX.Modifiers.ModifierForcefieldAbsorb
modifierFrenzy	FX.Modifiers.ModifierFrenzy
modifierFriendlyDeathWatch	FX.Modifiers.ModifierFriendlyDeathwatch
modifierFriendsguard	FX.Modifiers.ModifierFriendlyDeathwatch
modifierGainAttackWatch	FX.Modifiers.ModifierGainAttackWatch
modifierGainAttackWatchBuffSelfBySameThisTurn	FX.Modifiers.ModifierDrawCardWatch
modifierGainAttackWatchBuffSelfBySameThisTurn	FX.Modifiers.ModifierGenericBuff
modifierGrow	FX.Modifiers.ModifierGenericBuff
modifierGrow	FX.Modifiers.ModifierGrow
modifierGrowOnBothTurns	FX.Modifiers.ModifierGrowOnBothTurns
modifierGrowPermanent	FX.Modifiers.ModifierGenericBuff
modifierGrowPermanent	FX.Modifiers.ModifierGrow
modifierHPChange	FX.Modifiers.ModifierBuffSelfOnReplace
modifierHPChangeSummonEntity	FX.Modifiers.ModifierBuffSelfOnReplace
modifierHPThresholdGainModifiers	FX.Modifiers.ModifierBuffSelfOnReplace
modifierHallowedGround	FX.Modifiers.ModifierHallowedGround
modifierHasBackstab	FX.Modifiers.ModifierBackstab
modifierHealWatch	FX.Modifiers.ModifierHealWatch
modifierHealWatchBuffGeneral	FX.Modifiers.ModifierHealWatch
modifierHealWatchBuffGeneral	FX.Modifiers.ModifierGenericBuff
modifierHealWatchBuffSelf	FX.Modifiers.ModifierHealWatch
modifierHealWatchBuffSelf	FX.Modifiers.ModifierGenericBuff
modifierHealWatchDamageNearbyEnemies	FX.Modifiers.ModifierHealWatch
modifierHealWatchDamageNearbyEnemies	FX.Modifiers.ModifierGenericDamageNearby
modifierHealWatchDamageRandomEnemy	FX.Modifiers.ModifierHealWatch
modifierHealWatchDamageRandomEnemy	FX.Modifiers.ModifierGenericDamageSmall
modifierHealWatchPutCardInHand	FX.Modifiers.ModifierFriendlyMinionHealWatch
modifierImmune	FX.Modifiers.ModifierImmunity
modifierImmuneToAttacks	FX.Modifiers.ModifierImmunity
modifierImmuneToAttacks	FX.Modifiers.ModifierImmunityAttack
modifierImmuneToDamage	FX.Modifiers.ModifierAntiMagicField
modifierImmuneToSpellDamage	FX.Modifiers.ModifierImmunity
modifierImmuneToSpellDamage	FX.Modifiers.ModifierImmunitySpell
modifierImmuneToSpells	FX.Modifiers.ModifierImmunity
modifierImmuneToSpells	FX.Modifiers.ModifierImmunitySpell
modifierInfiltrate	FX.Modifiers.ModifierInfiltrate
modifierInkhornGaze	FX.Modifiers.ModifierDyingWish
modifierInkhornGaze	FX.Modifiers.ModifierGenericSpawn
modifierIntensifyDamageNearby	FX.Modifiers.ModifierGenericDamageNearby
modifierInvalidateRush	FX.Modifiers.ModifierInvalidateRush
modifierInvulnerable	FX.Modifiers.ModifierInvulnerable
modifierKillWatch	FX.Modifiers.ModifierKillWatch
modifierKillWatchAndSurvive	FX.Modifiers.ModifierKillWatch
modifierKillWatchAndSurviveScarzig	FX.Modifiers.ModifierKillWatch
modifierKillWatchBounceEnemyToActionBar	FX.Modifiers.ModifierKillWatch
modifierKillWatchDeceptibot	FX.Modifiers.ModifierKillWatch
modifierKillWatchHealSelf	FX.Modifiers.ModifierKillWatch
modifierKillWatchHealSelf	FX.Modifiers.ModifierGenericHeal
modifierKillWatchRefreshExhaustion	FX.Modifiers.ModifierKillWatch
modifierKillWatchRefreshExhaustion	FX.Modifiers.ModifierGenericHeal
modifierKillWatchRefreshExhaustionIfTargetStunned	FX.Modifiers.ModifierKillWatch
modifierKillWatchRespawnEntity	FX.Modifiers.ModifierKillWatch
modifierKillWatchRespawnEntity	FX.Modifiers.ModifierGenericSpawn
modifierKillWatchSpawnCopyNearby	FX.Modifiers.ModifierKillWatch
modifierKillWatchSpawnCopyNearby	FX.Modifiers.ModifierGenericSpawn
modifierKillWatchSpawnEgg	FX.Modifiers.ModifierKillWatch
modifierKillWatchSpawnEgg	FX.Modifiers.ModifierGenericSpawn
modifierKillWatchSpawnEntity	FX.Modifiers.ModifierKillWatch
modifierKillWatchSpawnEntity	FX.Modifiers.ModifierGenericSpawn
modifierManaCostChange	FX.Modifiers.ModifierManaCostChange
modifierMirage	FX.Modifiers.ModifierMirage
modifierMyAttackMinionWatch	FX.Modifiers.ModifierMyAttackWatch
modifierMyAttackMinionWatchKillTargetSummonThisOnSpace	FX.Modifiers.ModifierGenericKill
modifierMyAttackOrAttackedWatch	FX.Modifiers.ModifierMyAttackWatch
modifierMyAttackOrAttackedWatchSpawnMinionNearby	FX.Modifiers.ModifierGenericSpawn
modifierMyAttackOrCounterattackWatch	FX.Modifiers.ModifierMyAttackWatch
modifierMyAttackWatch	FX.Modifiers.ModifierMyAttackWatch
modifierMyAttackWatchApplyModifiers	FX.Modifiers.ModifierGenericBuff
modifierMyAttackWatchApplyModifiersToAllies	FX.Modifiers.ModifierGenericBuff
modifierMyAttackWatchGamble	FX.Modifiers.ModifierMyAttackWatchGamble
modifierMyAttackWatchSpawnMinionNearby	FX.Modifiers.ModifierGenericSpawn
modifierMyGeneralDamagedWatch	FX.Modifiers.ModifierMyGeneralDamagedWatch
modifierMyGeneralDamagedWatchDamageNearby	FX.Modifiers.ModifierMyGeneralDamagedWatch
modifierMyGeneralDamagedWatchDamageNearby	FX.Modifiers.ModifierGenericDamageNearby
modifierMyGeneralDamagedWatchHealSelf	FX.Modifiers.ModifierMyGeneralDamagedWatch
modifierMyGeneralDamagedWatchHealSelf	FX.Modifiers.ModifierGenericHeal
modifierMyGeneralDamagedWatchMiniMinion	FX.Modifiers.ModifierMyGeneralDamagedWatch
modifierMyHealWatchAnywhere	FX.Modifiers.ModifierMyHealWatchAnywhere
modifierMyMinionAttackWatch	FX.Modifiers.ModifierMyMinionAttackWatch
modifierMyMinionAttackWatchHealGeneral	FX.Modifiers.ModifierMyMinionAttackWatch
modifierMyMinionAttackWatchHealGeneral	FX.Modifiers.ModifierGenericHeal
modifierMyMinionOrGeneralDamagedWatch	FX.Modifiers.ModifierMyMinionOrGeneralDamagedWatch
modifierMyMoveWatch	FX.Modifiers.ModifierMyMoveWatch
modifierMyMoveWatchAnyReason	FX.Modifiers.ModifierMyMoveWatch
modifierMyMoveWatchAnyReasonDamageNearbyEnemyMinions	FX.Modifiers.ModifierMyMoveWatch
modifierMyMoveWatchAnyReasonDrawCard	FX.Modifiers.ModifierMyMoveWatch
modifierMyMoveWatchApplyModifiers	FX.Modifiers.ModifierMyMoveWatch
modifierMyMoveWatchApplyModifiers	FX.Modifiers.ModifierGenericBuff
modifierMyOtherMinionsDamagedWatch	FX.Modifiers.ModifierMyOtherMinionsDamagedWatch
modifierMyTeamMoveWatchAnyReason	FX.Modifiers.ModifierMyMoveWatch
modifierMyTeamMoveWatchAnyReasonBuffTarget	FX.Modifiers.ModifierMyTeamMoveWatch
modifierMyTeamMoveWatchAnyReasonBuffTarget	FX.Modifiers.ModifierGenericBuff
modifierNocturne	FX.Modifiers.ModifierSummonWatch
modifierOnDyingInfest	FX.Modifiers.ModifierInfest
modifierOnDyingInfest	FX.Modifiers.ModifierGenericChain
modifierOnDyingSpawnEntity	FX.Modifiers.ModifierGenericSpawn
modifierOnOpponentDeathWatchSpawnEntityOnSpace	FX.Modifiers.ModifierDeathWatch
modifierOnOpponentDeathWatchSpawnEntityOnSpace	FX.Modifiers.ModifierGenericSpawn
modifierOnRemoveSpawnEntities	FX.Modifiers.ModifierGenericSpawn
modifierOnRemoveSpawnRandomDeadEntity	FX.Modifiers.ModifierDyingWish
modifierOnRemoveSpawnRandomDeadEntity	FX.Modifiers.ModifierGenericSpawn
modifierOnSpawnCopyMyGeneral	FX.Modifiers.ModifierOpeningGambit
modifierOnSpawnCopyMyGeneral	FX.Modifiers.ModifierGenericSpawn
modifierOnSpawnKillMyGeneral	FX.Modifiers.ModifierOpeningGambit
modifierOnSpawnKillMyGeneral	FX.Modifiers.ModifierGenericSpawn
modifierOpeningGambit	FX.Modifiers.ModifierOpeningGambit
modifierOpeningGambitActivateSignatureCard	FX.Modifiers.ModifierOpeningGambit
modifierOpeningGambitAlabasterTitan	FX.Modifiers.ModifierOpeningGambit
modifierOpeningGambitApplyModifiers	FX.Modifiers.ModifierOpeningGambit
modifierOpeningGambitApplyModifiers	FX.Modifiers.ModifierGenericBuff
modifierOpeningGambitApplyModifiersByRaceId	FX.Modifiers.ModifierOpeningGambit
modifierOpeningGambitApplyModifiersByRaceId	FX.Modifiers.ModifierGenericBuff
modifierOpeningGambitApplyModifiersRandomly	FX.Modifiers.ModifierOpeningGambit
modifierOpeningGambitApplyModifiersRandomly	FX.Modifiers.ModifierGenericBuff
modifierOpeningGambitApplyModifiersToDeck	FX.Modifiers.ModifierOpeningGambit
modifierOpeningGambitApplyModifiersToDeck	FX.Modifiers.ModifierGenericBuff
modifierOpeningGambitApplyModifiersToDeckAndHand	FX.Modifiers.ModifierOpeningGambit
modifierOpeningGambitApplyModifiersToDeckAndHand	FX.Modifiers.ModifierGenericBuff
modifierOpeningGambitApplyModifiersToGeneral	FX.Modifiers.ModifierOpeningGambit
modifierOpeningGambitApplyModifiersToGeneral	FX.Modifiers.ModifierGenericBuff
modifierOpeningGambitApplyModifiersToWraithlings	FX.Modifiers.ModifierOpeningGambit
modifierOpeningGambitApplyModifiersToWraithlings	FX.Modifiers.ModifierGenericBuff
modifierOpeningGambitBuffSelfByBattlePetsHandStats	FX.Modifiers.ModifierOpeningGambit
modifierOpeningGambitBuffSelfByBattlePetsHandStats	FX.Modifiers.ModifierGenericBuff
modifierOpeningGambitBuffSelfByOpponentHandCount	FX.Modifiers.ModifierOpeningGambit
modifierOpeningGambitBuffSelfByOpponentHandCount	FX.Modifiers.ModifierGenericBuff
modifierOpeningGambitBuffSelfByShadowTileCount	FX.Modifiers.ModifierOpeningGambit
modifierOpeningGambitBuffSelfByShadowTileCount	FX.Modifiers.ModifierGenericBuff
modifierOpeningGambitChangeSignatureCard	FX.Modifiers.ModifierOpeningGambit
modifierOpeningGambitChangeSignatureCardForThisTurn	FX.Modifiers.ModifierOpeningGambit
modifierOpeningGambitDamageBothGenerals	FX.Modifiers.ModifierOpeningGambit
modifierOpeningGambitDamageBothGenerals	FX.Modifiers.ModifierGenericDamageFire
modifierOpeningGambitDamageEnemiesNearShadowCreep	FX.Modifiers.ModifierOpeningGambit
modifierOpeningGambitDamageEnemiesNearShadowCreep	FX.Modifiers.ModifierGenericDamage
modifierOpeningGambitDamageEverything	FX.Modifiers.ModifierOpeningGambit
modifierOpeningGambitDamageEverything	FX.Modifiers.ModifierGenericDamage
modifierOpeningGambitDamageInFront	FX.Modifiers.ModifierOpeningGambit
modifierOpeningGambitDamageInFrontRow	FX.Modifiers.ModifierOpeningGambit
modifierOpeningGambitDamageMyGeneral	FX.Modifiers.ModifierOpeningGambit
modifierOpeningGambitDamageMyGeneral	FX.Modifiers.ModifierGenericChainLightning
modifierOpeningGambitDamageNearby	FX.Modifiers.ModifierOpeningGambit
modifierOpeningGambitDamageNearby	FX.Modifiers.ModifierGenericDamageNearby
modifierOpeningGambitDamageNearbyForAttack	FX.Modifiers.ModifierOpeningGambit
modifierOpeningGambitDamageNearbyForAttack	FX.Modifiers.ModifierGenericDamageNearby
modifierOpeningGambitDamageNearbyMinions	FX.Modifiers.ModifierOpeningGambit
modifierOpeningGambitDamageNearbyMinions	FX.Modifiers.ModifierGenericChainLightningRed
modifierOpeningGambitDeathKnell	FX.Modifiers.ModifierOpeningGambitDeathKnell
modifierOpeningGambitDestroyEnemyMinions	FX.Modifiers.ModifierOpeningGambit
modifierOpeningGambitDestroyManaCrystal	FX.Modifiers.ModifierOpeningGambit
modifierOpeningGambitDestroyNearbyMinions	FX.Modifiers.ModifierOpeningGambit
modifierOpeningGambitDestroyNearbyMinions	FX.Modifiers.ModifierGenericChainLightningRed
modifierOpeningGambitDrawCard	FX.Modifiers.ModifierOpeningGambit
modifierOpeningGambitDrawCardBothPlayers	FX.Modifiers.ModifierOpeningGambit
modifierOpeningGambitDrawCopyFromDeck	FX.Modifiers.ModifierOpeningGambit
modifierOpeningGambitDrawFactionCards	FX.Modifiers.ModifierOpeningGambit
modifierOpeningGambitDrawRandomBattlePet	FX.Modifiers.ModifierOpeningGambit
modifierOpeningGambitGrandmasterVariax	FX.Modifiers.ModifierOpeningGambit
modifierOpeningGambitHatchFriendlyEggs	FX.Modifiers.ModifierOpeningGambit
modifierOpeningGambitHealBothGenerals	FX.Modifiers.ModifierOpeningGambit
modifierOpeningGambitHealBothGenerals	FX.Modifiers.ModifierGenericHeal
modifierOpeningGambitHealMyGeneral	FX.Modifiers.ModifierOpeningGambit
modifierOpeningGambitHealMyGeneral	FX.Modifiers.ModifierGenericHeal
modifierOpeningGambitLifeGive	FX.Modifiers.ModifierOpeningGambit
modifierOpeningGambitLifeGive	FX.Modifiers.ModifierGenericSpawn
modifierOpeningGambitMoveEnemyGeneralForward	FX.Modifiers.ModifierOpeningGambit
modifierOpeningGambitProgenitor	FX.Modifiers.ModifierOpeningGambit
modifierOpeningGambitProgressBuild	FX.Modifiers.ModifierOpeningGambit
modifierOpeningGambitRefreshSignatureCard	FX.Modifiers.ModifierOpeningGambit
modifierOpeningGambitSacrificeNearbyBuffSelf	FX.Modifiers.ModifierOpeningGambit
modifierOpeningGambitSacrificeNearbyBuffSelf	FX.Modifiers.ModifierGenericDamageNearbyShadow
modifierOpeningGambitSirocco	FX.Modifiers.ModifierOpeningGambitSirocco
modifierOpeningGambitSniperZen	FX.Modifiers.ModifierOpeningGambit
modifierOpeningGambitSpawnCopiesOfEntityAnywhere	FX.Modifiers.ModifierOpeningGambit
modifierOpeningGambitSpawnCopiesOfEntityAnywhere	FX.Modifiers.ModifierGenericSpawn
modifierOpeningGambitSpawnCopiesOfEntityNearby	FX.Modifiers.ModifierOpeningGambit
modifierOpeningGambitSpawnCopiesOfEntityNearby	FX.Modifiers.ModifierGenericSpawn
modifierOpeningGambitSpawnEnemyMinionNearOpponent	FX.Modifiers.ModifierOpeningGambit
modifierOpeningGambitSpawnEnemyMinionNearOpponent	FX.Modifiers.ModifierGenericSpawn
modifierOpeningGambitSpawnEntity	FX.Modifiers.ModifierOpeningGambit
modifierOpeningGambitSpawnEntity	FX.Modifiers.ModifierGenericSpawn
modifierOpeningGambitSpawnEntityInEachCorner	FX.Modifiers.ModifierOpeningGambit
modifierOpeningGambitSpawnEntityInEachCorner	FX.Modifiers.ModifierGenericSpawn
modifierOpeningGambitSpawnPartyAnimals	FX.Modifiers.ModifierOpeningGambit
modifierOpeningGambitSpawnPartyAnimals	FX.Modifiers.ModifierGenericSpawn
modifierOpeningGambitSpawnTribal	FX.Modifiers.ModifierOpeningGambit
modifierOpeningGambitSpawnTribal	FX.Modifiers.ModifierGenericSpawn
modifierOpeningGambitSpawnVanarTokensAroundGeneral	FX.Modifiers.ModifierSpellWatch
modifierOpeningGambitSpawnVanarTokensAroundGeneral	FX.Modifiers.ModifierGenericSpawn
modifierOpeningGambitStealEnemyGeneralHealth	FX.Modifiers.ModifierOpeningGambit
modifierOpeningGambitTeleportAllNearby	FX.Modifiers.ModifierOpeningGambit
modifierOpeningGambitTeleportMinionsToThis	FX.Modifiers.ModifierOpeningGambit
modifierOpeningGambitTransformHandIntoLegendaries	FX.Modifiers.ModifierOpeningGambit
modifierOpponentDrawCardWatch	FX.Modifiers.ModifierOpponentDrawCardWatch
modifierOpponentDrawCardWatchBuffSelf	FX.Modifiers.ModifierOpponentDrawCardWatchBuffSelf
modifierOpponentDrawCardWatchBuffSelf	FX.Modifiers.ModifierGenericDamage
modifierOpponentDrawCardWatchDamageEnemyGeneral	FX.Modifiers.ModifierOpponentDrawCardWatchBuffSelf
modifierOpponentDrawCardWatchDamageEnemyGeneral	FX.Modifiers.ModifierGenericDamage
modifierOpponentDrawCardWatchOverdrawSummonEntity	FX.Modifiers.ModifierOpponentDrawCardWatchBuffSelf
modifierOpponentDrawCardWatchOverdrawSummonEntity	FX.Modifiers.ModifierGenericDamage
modifierOpponentSummonWatch	FX.Modifiers.ModifierOpponentSummonWatch
modifierOpponentSummonWatchBuffMinionInHand	FX.Modifiers.ModifierOpponentSummonWatch
modifierOpponentSummonWatchBuffSelf	FX.Modifiers.ModifierOpponentSummonWatch
modifierOpponentSummonWatchBuffSelf	FX.Modifiers.ModifierGenericBuff
modifierOpponentSummonWatchDamageEnemyGeneral	FX.Modifiers.ModifierOpponentSummonWatch
modifierOpponentSummonWatchDamageEnemyGeneral	FX.Modifiers.ModifierGenericDamage
modifierOpponentSummonWatchOpponentDrawCard	FX.Modifiers.ModifierOpponentSummonWatch
modifierOpponentSummonWatchOpponentDrawCard	FX.Modifiers.ModifierGenericDamage
modifierOpponentSummonWatchRandomTransform	FX.Modifiers.ModifierSummonWatch
modifierOpponentSummonWatchRandomTransform	FX.Modifiers.ModifierGenericSpawn
modifierOpponentSummonWatchSpawn1HealthClone	FX.Modifiers.ModifierSummonWatch
modifierOpponentSummonWatchSpawn1HealthClone	FX.Modifiers.ModifierGenericSpawn
modifierOpponentSummonWatchSummonEgg	FX.Modifiers.ModifierOpponentSummonWatch
modifierOpponentSummonWatchSwapGeneral	FX.Modifiers.ModifierSummonWatch
modifierOpponentSummonWatchSwapGeneral	FX.Modifiers.ModifierGenericSpawn
modifierOverwatch	FX.Modifiers.ModifierOverwatch
modifierOverwatchHidden	FX.Modifiers.ModifierOverwatch
modifierPantheran	FX.Modifiers.ModifierPantheran
modifierPortal	FX.Modifiers.ModifierPortal
modifierPrimalTile	FX.Modifiers.ModifierPrimalTile
modifierProvidesAlwaysInfiltrated	FX.Modifiers.ModifierProvidesAlwaysInfiltrated
modifierProvoke	FX.Modifiers.ModifierProvoke
modifierProvoked	FX.Modifiers.ModifierProvoked
modifierPseudoRush	FX.Modifiers.ModifierSpawnedFromEgg
modifierRanged	FX.Modifiers.ModifierRanged
modifierRangedProvoke	FX.Modifiers.ModifierProvoke
modifierRangedProvoked	FX.Modifiers.ModifierProvoked
modifierRebirth	FX.Modifiers.ModifierRebirth
modifierReplaceWatch	FX.Modifiers.ModifierReplaceWatch
modifierReplaceWatchApplyModifiersToReplaced	FX.Modifiers.ModifierReplaceWatch
modifierReplaceWatchBuffSelf	FX.Modifiers.ModifierReplaceWatch
modifierReplaceWatchBuffSelf	FX.Modifiers.ModifierGenericBuff
modifierReplaceWatchDamageEnemy	FX.Modifiers.ModifierReplaceWatch
modifierReplaceWatchDamageEnemy	FX.Modifiers.ModifierGenericDamageSmall
modifierReplaceWatchShuffleCardIntoDeck	FX.Modifiers.ModifierReplaceWatch
modifierReplaceWatchShuffleCardIntoDeck	FX.Modifiers.ModifierGenericBuff
modifierReplaceWatchSpawnEntity	FX.Modifiers.ModifierOpeningGambit
modifierReplaceWatchSpawnEntity	FX.Modifiers.ModifierGenericSpawn
modifierRook	FX.Modifiers.ModifierGenericBuff
modifierSandPortal	FX.Modifiers.ModifierShadowCreep
modifierSecondWind	FX.Modifiers.ModifierSecondWind
modifierSentinel	FX.Modifiers.ModifierSentinel
modifierShadowScar	FX.Modifiers.ModifierDyingWish
modifierShadowScar	FX.Modifiers.ModifierGenericSpawn
modifierSilence	FX.Modifiers.ModifierDispel
modifierSpawnedFromEgg	FX.Modifiers.ModifierSpawnedFromEgg
modifierSpellDamageWatch	FX.Modifiers.ModifierSpellWatch
modifierSpellWatch	FX.Modifiers.ModifierSpellWatch
modifierSpellWatchAnywhereApplyModifiers	FX.Modifiers.ModifierSpellWatch
modifierSpellWatchApplyModifiers	FX.Modifiers.ModifierSpellWatch
modifierSpellWatchApplyModifiers	FX.Modifiers.ModifierGenericBuff
modifierSpellWatchBloodLeech	FX.Modifiers.ModifierSpellWatch
modifierSpellWatchBloodLeech	FX.Modifiers.ModifierGenericChain
modifierSpellWatchBuffAllies	FX.Modifiers.ModifierSpellWatch
modifierSpellWatchBuffAllies	FX.Modifiers.ModifierGenericBuff
modifierSpellWatchBuffAlliesByRace	FX.Modifiers.ModifierSpellWatch
modifierSpellWatchBuffAlliesByRace	FX.Modifiers.ModifierGenericBuff
modifierSpellWatchDamageAllMinions	FX.Modifiers.ModifierSpellWatch
modifierSpellWatchDamageAllMinions	FX.Modifiers.ModifierGenericChainLightning
modifierSpellWatchDamageGeneral	FX.Modifiers.ModifierSpellWatch
modifierSpellWatchDamageGeneral	FX.Modifiers.ModifierGenericDamage
modifierSpellWatchDrawCard	FX.Modifiers.ModifierSpellWatch
modifierSpellWatchDrawRandomArcanyst	FX.Modifiers.ModifierSpellWatch
modifierSpellWatchPutCardInHand	FX.Modifiers.ModifierSpellWatch
modifierSpellWatchScientist	FX.Modifiers.ModifierSpellWatch
modifierSpellWatchSpawnEntity	FX.Modifiers.ModifierSpellWatch
modifierSpellWatchSpawnEntity	FX.Modifiers.ModifierGenericSpawn
modifierSpiritScribe	FX.Modifiers.ModifierGenericBuff
modifierSprigginDiesBuffSelf	FX.Modifiers.ModifierGenericBuff
modifierStackingShadows	FX.Modifiers.ModifierShadowCreep
modifierStackingShadowsBonusDamage	FX.Modifiers.ModifierShadowCreep
modifierStartTurnWatch	FX.Modifiers.ModifierStartTurnWatch
modifierStartTurnWatchBuffSelf	FX.Modifiers.ModifierStartTurnWatch
modifierStartTurnWatchBuffSelf	FX.Modifiers.ModifierGenericBuff
modifierStartTurnWatchDamageAndBuffSelf	FX.Modifiers.ModifierStartTurnWatch
modifierStartTurnWatchDamageAndBuffSelf	FX.Modifiers.ModifierGenericChainLightning
modifierStartTurnWatchDamageEnemiesInRow	FX.Modifiers.ModifierStartTurnWatch
modifierStartTurnWatchDamageEnemiesInRow	FX.Modifiers.ModifierGenericDamageFire
modifierStartTurnWatchDamageEnemyGeneralBuffSelf	FX.Modifiers.ModifierStartTurnWatch
modifierStartTurnWatchDamageEnemyGeneralBuffSelf	FX.Modifiers.ModifierGenericDamageFire
modifierStartTurnWatchDamageEnemyGeneralBuffSelf	FX.Modifiers.ModifierGenericBuff
modifierStartTurnWatchDamageGeneralEqualToMinionsOwned	FX.Modifiers.ModifierStartTurnWatch
modifierStartTurnWatchDamageGeneralEqualToMinionsOwned	FX.Modifiers.ModifierGenericChainLightningRed
modifierStartTurnWatchDamageMyGeneral	FX.Modifiers.ModifierStartTurnWatch
modifierStartTurnWatchDamageMyGeneral	FX.Modifiers.ModifierGenericChainLightningRed
modifierStartTurnWatchDamageRandom	FX.Modifiers.ModifierStartTurnWatch
modifierStartTurnWatchDamageRandom	FX.Modifiers.ModifierGenericChainLightning
modifierStartTurnWatchImmolateDamagedMinions	FX.Modifiers.ModifierStartTurnWatch
modifierStartTurnWatchImmolateDamagedMinions	FX.Modifiers.ModifierGenericHeal
modifierStartTurnWatchImmolateDamagedMinions	FX.Modifiers.ModifierGenericDamageNearby
modifierStartTurnWatchRespawnClones	FX.Modifiers.ModifierStartTurnWatch
modifierStartTurnWatchRespawnClones	FX.Modifiers.ModifierGenericSpawn
modifierStartTurnWatchSpawnEntity	FX.Modifiers.ModifierStartTurnWatch
modifierStartTurnWatchSpawnEntity	FX.Modifiers.ModifierGenericSpawn
modifierStartTurnWatchSpawnTile	FX.Modifiers.ModifierStartTurnWatch
modifierStartTurnWatchSpawnTile	FX.Modifiers.ModifierGenericSpawn
modifierStartTurnWatchSummonDervish	FX.Modifiers.ModifierStartTurnWatch
modifierStartTurnWatchSummonDervish	FX.Modifiers.ModifierGenericSpawn
modifierStartTurnWatchSwapStats	FX.Modifiers.ModifierStartTurnWatch
modifierStrikeback	FX.Modifiers.ModifierStrikeback
modifierStunned	FX.Modifiers.ModifierStunned
modifierStunnedVanar	FX.Modifiers.ModifierStunnedVanar
modifierSummonSelfOnReplace	FX.Modifiers.ModifierBuffSelfOnReplace
modifierSummonWatch	FX.Modifiers.ModifierSummonWatch
modifierSummonWatchAnyPlayer	FX.Modifiers.ModifierSummonWatch
modifierSummonWatchAnyPlayerApplyModifiers	FX.Modifiers.ModifierSummonWatch
modifierSummonWatchAnyPlayerApplyModifiers	FX.Modifiers.ModifierGenericBuff
modifierSummonWatchAnyPlayerHsuku	FX.Modifiers.ModifierSummonWatch
modifierSummonWatchAnyPlayerHsuku	FX.Modifiers.ModifierGenericBuff
modifierSummonWatchAnywhereByRaceBuffSelf	FX.Modifiers.ModifierSummonWatch
modifierSummonWatchAnywhereByRaceBuffSelf	FX.Modifiers.ModifierGenericBuff
modifierSummonWatchApplyModifiers	FX.Modifiers.ModifierSummonWatch
modifierSummonWatchApplyModifiers	FX.Modifiers.ModifierGenericBuff
modifierSummonWatchApplyModifiersToBoth	FX.Modifiers.ModifierSummonWatch
modifierSummonWatchApplyModifiersToBoth	FX.Modifiers.ModifierGenericBuff
modifierSummonWatchApplyModifiersToRanged	FX.Modifiers.ModifierSummonWatch
modifierSummonWatchApplyModifiersToRanged	FX.Modifiers.ModifierGenericBuff
modifierSummonWatchBuffSelf	FX.Modifiers.ModifierSummonWatch
modifierSummonWatchBuffSelf	FX.Modifiers.ModifierGenericBuff
modifierSummonWatchBurnOpponentCards	FX.Modifiers.ModifierSummonWatch
modifierSummonWatchByCardBuffTarget	FX.Modifiers.ModifierSummonWatch
modifierSummonWatchByCardBuffTarget	FX.Modifiers.ModifierGenericBuff
modifierSummonWatchByEntityBuffSelf	FX.Modifiers.ModifierSummonWatch
modifierSummonWatchByEntityBuffSelf	FX.Modifiers.ModifierGenericBuff
modifierSummonWatchByRaceBuffSelf	FX.Modifiers.ModifierSummonWatch
modifierSummonWatchByRaceBuffSelf	FX.Modifiers.ModifierGenericBuff
modifierSummonWatchByRaceDamageEnemyMinion	FX.Modifiers.ModifierSummonWatch
modifierSummonWatchByRaceDamageEnemyMinion	FX.Modifiers.ModifierGenericDamageIce
modifierSummonWatchByRaceHealToFull	FX.Modifiers.ModifierSummonWatch
modifierSummonWatchByRaceHealToFull	FX.Modifiers.ModifierGenericHeal
modifierSummonWatchByRaceSummonCopy	FX.Modifiers.ModifierSummonWatch
modifierSummonWatchDreadnaught	FX.Modifiers.ModifierSummonWatch
modifierSummonWatchDreadnaught	FX.Modifiers.ModifierGenericBuff
modifierSummonWatchFromActionBarAnyPlayer	FX.Modifiers.ModifierSummonWatch
modifierSummonWatchFromActionBarAnyPlayerApplyModifiers	FX.Modifiers.ModifierSummonWatch
modifierSummonWatchFromActionBarAnyPlayerApplyModifiers	FX.Modifiers.ModifierGenericBuff
modifierSummonWatchFromActionBarByOpeningGambitBuffSelf	FX.Modifiers.ModifierSummonWatch
modifierSummonWatchFromActionBarByOpeningGambitBuffSelf	FX.Modifiers.ModifierGenericBuff
modifierSummonWatchFromEggApplyModifiers	FX.Modifiers.ModifierSummonWatch
modifierSummonWatchHealSelf	FX.Modifiers.ModifierSummonWatch
modifierSummonWatchHealSelf	FX.Modifiers.ModifierGenericHeal
modifierSummonWatchHydrax	FX.Modifiers.ModifierSummonWatch
modifierSummonWatchIfLowAttackSummonedBuffSelf	FX.Modifiers.ModifierSummonWatch
modifierSummonWatchIfLowAttackSummonedBuffSelf	FX.Modifiers.ModifierGenericBuff
modifierSummonWatchNearbyAnyPlayerApplyModifiers	FX.Modifiers.ModifierSummonWatch
modifierSummonWatchNearbyAnyPlayerApplyModifiers	FX.Modifiers.ModifierGenericBuff
modifierSummonWatchNearbyApplyModifiers	FX.Modifiers.ModifierSummonWatch
modifierSummonWatchNearbyApplyModifiers	FX.Modifiers.ModifierGenericBuff
modifierSummonWatchNearbyApplyModifiersOncePerTurn	FX.Modifiers.ModifierSummonWatch
modifierSummonWatchNearbyApplyModifiersOncePerTurn	FX.Modifiers.ModifierGenericBuff
modifierSummonWatchNearbyApplyModifiersToBoth	FX.Modifiers.ModifierSummonWatch
modifierSummonWatchNearbyApplyModifiersToBoth	FX.Modifiers.ModifierGenericBuff
modifierSummonWatchNearbyTransform	FX.Modifiers.ModifierSummonWatch
modifierSummonWatchSpawnEntity	FX.Modifiers.ModifierSummonWatch
modifierSummonWatchSpawnEntity	FX.Modifiers.ModifierGenericSpawn
modifierSummonWatchTransform	FX.Modifiers.ModifierSummonWatch
modifierSurviveDamageWatch	FX.Modifiers.ModifierSurviveDamageWatch
modifierSwitchAllegiancesGainAttack	FX.Modifiers.ModifierBond
modifierSynergize	FX.Modifiers.ModifierSynergize
modifierSynergizeApplyModifiers	FX.Modifiers.ModifierSynergize
modifierSynergizeApplyModifiers	FX.Modifiers.ModifierGenericBuff
modifierSynergizeApplyModifiersToGeneral	FX.Modifiers.ModifierSynergize
modifierSynergizeApplyModifiersToGeneral	FX.Modifiers.ModifierGenericBuff
modifierSynergizeApplyModifiersToWraithlings	FX.Modifiers.ModifierSynergize
modifierSynergizeApplyModifiersToWraithlings	FX.Modifiers.ModifierGenericBuff
modifierSynergizeBuffSelf	FX.Modifiers.ModifierSynergize
modifierSynergizeDamageClosestEnemy	FX.Modifiers.ModifierSynergize
modifierSynergizeDamageClosestEnemy	FX.Modifiers.ModifierGenericDamage
modifierSynergizeDamageEnemy	FX.Modifiers.ModifierSynergize
modifierSynergizeDamageEnemy	FX.Modifiers.ModifierGenericDamage
modifierSynergizeDamageEnemyGeneral	FX.Modifiers.ModifierSpellWatch
modifierSynergizeDamageEnemyGeneral	FX.Modifiers.ModifierGenericDamage
modifierSynergizeDrawBloodboundSpell	FX.Modifiers.ModifierSpellWatch
modifierSynergizeHealMyGeneral	FX.Modifiers.ModifierSpellWatch
modifierSynergizePutCardInHand	FX.Modifiers.ModifierSynergize
modifierSynergizeRefreshSpell	FX.Modifiers.ModifierSpellWatch
modifierSynergizeSpawnVanarToken	FX.Modifiers.ModifierSpellWatch
modifierSynergizeSpawnVanarToken	FX.Modifiers.ModifierGenericSpawn
modifierSynergizeTeleportRandomEnemy	FX.Modifiers.ModifierSpellWatch
modifierTakeDamageWatch	FX.Modifiers.ModifierTakeDamageWatch
modifierTakeDamageWatchDamageAllEnemies	FX.Modifiers.ModifierTakeDamageWatch
modifierTakeDamageWatchDamageAllEnemies	FX.Modifiers.ModifierGenericDamage
modifierTakeDamageWatchDamageAttacker	FX.Modifiers.ModifierTakeDamageWatch
modifierTakeDamageWatchDamageAttacker	FX.Modifiers.ModifierGenericDamage
modifierTakeDamageWatchDamageEnemy	FX.Modifiers.ModifierTakeDamageWatch
modifierTakeDamageWatchDamageEnemy	FX.Modifiers.ModifierGenericDamage
modifierTakeDamageWatchDamageEnemyGeneralForSame	FX.Modifiers.ModifierTakeDamageWatch
modifierTakeDamageWatchDamageEnemyGeneralForSame	FX.Modifiers.ModifierGenericDamage
modifierTakeDamageWatchDamageNearbyEnemiesForSame	FX.Modifiers.ModifierTakeDamageWatch
modifierTakeDamageWatchDamageNearbyEnemiesForSame	FX.Modifiers.ModifierGenericDamage
modifierTakeDamageWatchDestroy	FX.Modifiers.ModifierTakeDamageWatch
modifierTakeDamageWatchDispel	FX.Modifiers.ModifierTakeDamageWatch
modifierTakeDamageWatchHealMyGeneral	FX.Modifiers.ModifierTakeDamageWatch
modifierTakeDamageWatchHealMyGeneral	FX.Modifiers.ModifierGenericHeal
modifierTakeDamageWatchJuggernaut	FX.Modifiers.ModifierTakeDamageWatch
modifierTakeDamageWatchJuggernaut	FX.Modifiers.ModifierGenericSpawn
modifierTakeDamageWatchSpawnEntity	FX.Modifiers.ModifierDyingWish
modifierTakeDamageWatchSpawnEntity	FX.Modifiers.ModifierGenericSpawn
modifierTakeDamageWatchSpawnShadowCreep	FX.Modifiers.ModifierDyingWish
modifierTakeDamageWatchSpawnShadowCreep	FX.Modifiers.ModifierGenericSpawn
modifierTakeDamageWatchSpawnWraithlings	FX.Modifiers.ModifierTakeDamageWatch
modifierTakeDamageWatchSpawnWraithlings	FX.Modifiers.ModifierGenericSpawn
modifierTakesDoubleDamage	FX.Modifiers.ModifierDoubleDamageToEnemyMinions
modifierTamedBattlePet	FX.Modifiers.ModifierTamedBattlePet
modifierToggleStructure	FX.Modifiers.ModifierToggleStructure
modifierTranscendance	FX.Modifiers.ModifierCelerity
modifierTransformed	FX.Modifiers.ModifierTransformed
modifierWall	FX.Modifiers.ModifierWall
